symbol,quote_date,expiration,strike,option_type,bid,ask,mid,implied_volatility,delta,gamma,theta,vega,dte,underlying_price,volume,open_interest,iv_rank
PG,2026-08-17,2026-08-28,85.0,C,57.1,59.6,58.35,142.3831,0.987325,0.000926,-0.061074,0.008137,11,143.12,0,46,4.59
PG,2026-08-17,2026-08-28,90.0,C,52.2,54.55,53.375,130.6644,0.984742,0.001184,-0.065588,0.009548,11,143.12,0,46,4.59
PG,2026-08-17,2026-08-28,100.0,C,42.2,44.7,43.45,109.2778,0.976736,0.002026,-0.077668,0.013669,11,143.12,0,2,4.59
PG,2026-08-17,2026-08-28,130.0,C,12.6,14.2,13.4,52.8325,0.865711,0.016481,-0.140208,0.053749,11,143.12,1,26,4.59
PG,2026-08-17,2026-08-28,135.0,C,7.15,9.45,8.3,41.7486,0.804427,0.026628,-0.140948,0.068624,11,143.12,10,10,4.59
PG,2026-08-17,2026-08-28,136.0,C,6.7,8.2,7.45,35.3278,0.810816,0.030835,-0.118921,0.067244,11,143.12,5,6,4.59
PG,2026-08-17,2026-08-28,137.0,C,5.85,7.2,6.525,32.2761,0.796136,0.035314,-0.114052,0.07036,11,143.12,16,10,4.59
PG,2026-08-17,2026-08-28,138.0,C,4.4,6.9,5.65,37.4274,0.729183,0.035611,-0.149861,0.082275,11,143.12,30,1,4.59
PG,2026-08-17,2026-08-28,139.0,C,3.45,6.05,4.75,35.5231,0.699369,0.039432,-0.149164,0.086469,11,143.12,32,1,4.59
PG,2026-08-17,2026-08-28,140.0,C,3.35,4.7,4.025,28.0769,0.691275,0.050482,-0.121226,0.087496,11,143.12,33,5,4.59
PG,2026-08-17,2026-08-28,142.0,C,2.41,2.86,2.635,21.8758,0.600735,0.071047,-0.103834,0.095943,11,143.12,13,21,4.59
PG,2026-08-17,2026-08-28,143.0,C,1.83,2.24,2.035,21.0579,0.5286,0.076055,-0.102081,0.098865,11,143.12,12,18,4.59
PG,2026-08-17,2026-08-28,144.0,C,1.46,1.94,1.7,22.6692,0.457105,0.070421,-0.107987,0.098546,11,143.12,88,297,4.59
PG,2026-08-17,2026-08-28,145.0,C,1.07,1.4,1.235,21.241,0.380103,0.072153,-0.096725,0.094609,11,143.12,113,227,4.59
PG,2026-08-17,2026-08-28,146.0,C,0.4,1.0,0.7,20.4598,0.304413,0.068848,-0.085188,0.086954,11,143.12,35,60,4.59
PG,2026-08-17,2026-08-28,147.0,C,0.17,1.13,0.65,25.0252,0.284912,0.054595,-0.099963,0.084339,11,143.12,112,97,4.59
PG,2026-08-17,2026-08-28,148.0,C,0.01,0.59,0.3,21.1922,0.194168,0.052227,-0.068578,0.068324,11,143.12,29,315,4.59
PG,2026-08-17,2026-08-28,149.0,C,0.07,0.37,0.22,20.2401,0.136416,0.043485,-0.051931,0.054332,11,143.12,648,104,4.59
PG,2026-08-17,2026-08-28,150.0,C,0.05,0.35,0.2,22.1199,0.12011,0.036422,-0.051716,0.049733,11,143.12,227,289,4.59
PG,2026-08-17,2026-08-28,152.5,C,0.02,0.22,0.12,24.366,0.07308,0.022924,-0.03923,0.034481,11,143.12,8,559,4.59
PG,2026-08-17,2026-08-28,155.0,C,0.02,0.06,0.04,22.657,0.023889,0.009994,-0.014737,0.013978,11,143.12,24,1036,4.59
PG,2026-08-17,2026-08-28,157.5,C,0.0,0.55,0.275,41.6021,0.101312,0.017141,-0.084665,0.04402,11,143.12,5,922,4.59
PG,2026-08-17,2026-08-28,160.0,C,0.0,0.54,0.27,46.1919,0.090721,0.014234,-0.086487,0.040587,11,143.12,5,761,4.59
PG,2026-08-17,2026-08-28,162.5,C,0.0,0.11,0.055,36.7194,0.026017,0.006624,-0.025428,0.015014,11,143.12,2,147,4.59
PG,2026-08-17,2026-08-28,165.0,C,0.0,2.13,1.065,66.1869,0.120805,0.012222,-0.151892,0.049936,11,143.12,1,384,4.59
PG,2026-08-17,2026-08-28,167.5,C,0.0,2.13,1.065,70.9476,0.113811,0.01093,-0.155936,0.047871,11,143.12,1,1,4.59
PG,2026-08-17,2026-08-28,170.0,C,0.0,2.13,1.065,75.5374,0.107775,0.009873,-0.159541,0.046037,11,143.12,1,15,4.59
PG,2026-08-17,2026-08-28,175.0,C,0.0,2.13,1.065,84.3263,0.098019,0.008255,-0.166036,0.04297,11,143.12,15,15,4.59
PG,2026-08-17,2026-08-28,110.0,P,0.0,2.13,1.065,109.3755,-0.068507,0.004859,-0.162036,0.03281,11,143.12,0,1,4.59
PG,2026-08-17,2026-08-28,115.0,P,0.0,2.12,1.06,94.7754,-0.078008,0.006194,-0.154891,0.036238,11,143.12,1,1,4.59
PG,2026-08-17,2026-08-28,120.0,P,0.0,2.13,1.065,80.7131,-0.09086,0.008155,-0.147663,0.040633,11,143.12,5,12,4.59
PG,2026-08-17,2026-08-28,125.0,P,0.0,2.13,1.065,66.6507,-0.107961,0.011203,-0.137988,0.046094,11,143.12,4,4,4.59
PG,2026-08-17,2026-08-28,130.0,P,0.0,0.81,0.405,48.0718,-0.113671,0.016117,-0.102789,0.047828,11,143.12,31,152,4.59
PG,2026-08-17,2026-08-28,131.0,P,0.0,0.61,0.305,41.5533,-0.100592,0.017072,-0.081202,0.043792,11,143.12,30,80,4.59
PG,2026-08-17,2026-08-28,132.0,P,0.0,2.15,1.075,62.2074,-0.208027,0.018543,-0.198135,0.071208,11,143.12,2,8,4.59
PG,2026-08-17,2026-08-28,133.0,P,0.0,0.3,0.15,29.7859,-0.071369,0.018415,-0.044783,0.03386,11,143.12,10,16,4.59
PG,2026-08-17,2026-08-28,134.0,P,0.01,0.08,0.045,20.5086,-0.028813,0.012913,-0.014816,0.016348,11,143.12,4,67,4.59
PG,2026-08-17,2026-08-28,135.0,P,0.06,0.2,0.13,22.657,-0.062634,0.021884,-0.030596,0.030607,11,143.12,78,238,4.59
PG,2026-08-17,2026-08-28,136.0,P,0.05,0.24,0.145,21.4363,-0.077828,0.027337,-0.034099,0.036175,11,143.12,30,89,4.59
PG,2026-08-17,2026-08-28,137.0,P,0.12,0.33,0.225,20.9481,-0.105537,0.035066,-0.041618,0.045345,11,143.12,32,149,4.59
PG,2026-08-17,2026-08-28,138.0,P,0.18,0.4,0.29,19.6541,-0.131896,0.043757,-0.045479,0.053088,11,143.12,38,494,4.59
PG,2026-08-17,2026-08-28,139.0,P,0.43,0.6,0.515,19.8738,-0.185067,0.054071,-0.057186,0.066335,11,143.12,47,89,4.59
PG,2026-08-17,2026-08-28,140.0,P,0.64,0.8,0.72,19.3612,-0.240164,0.064649,-0.064442,0.077267,11,143.12,112,686,4.59
PG,2026-08-17,2026-08-28,141.0,P,0.72,1.19,0.955,20.2401,-0.31773,0.0709,-0.076778,0.088585,11,143.12,50,105,4.59
PG,2026-08-17,2026-08-28,142.0,P,1.25,1.33,1.29,17.7987,-0.379867,0.086092,-0.070891,0.094591,11,143.12,74,174,4.59
PG,2026-08-17,2026-08-28,143.0,P,1.67,1.96,1.815,19.5198,-0.470255,0.08203,-0.080691,0.098844,11,143.12,86,64,4.59
PG,2026-08-17,2026-08-28,144.0,P,2.15,2.6,2.375,20.533,-0.548883,0.077612,-0.0836,0.098375,11,143.12,39,118,4.59
PG,2026-08-17,2026-08-28,145.0,P,2.45,3.35,2.9,21.9612,-0.615611,0.070022,-0.085502,0.094928,11,143.12,31,336,4.59
PG,2026-08-17,2026-08-28,146.0,P,3.45,3.85,3.65,20.118,-0.698832,0.069682,-0.068617,0.086538,11,143.12,12,21,4.59
PG,2026-08-17,2026-08-28,147.0,P,4.2,4.65,4.425,20.8016,-0.755462,0.060764,-0.062355,0.078027,11,143.12,3,11,4.59
PG,2026-08-17,2026-08-28,148.0,P,4.6,6.45,5.525,33.0573,-0.70406,0.042071,-0.118149,0.085852,11,143.12,1,18,4.59
PG,2026-08-17,2026-08-28,149.0,P,5.55,7.05,6.3,31.3728,-0.755389,0.040296,-0.099627,0.078039,11,143.12,1,0,4.59
PG,2026-08-17,2026-08-28,150.0,P,6.3,7.55,6.925,27.3689,-0.826637,0.037683,-0.066455,0.063665,11,143.12,1,13,4.59
PG,2026-08-17,2026-08-28,152.5,P,9.05,11.35,10.2,50.7085,-0.746795,0.025393,-0.171248,0.079487,11,143.12,1,6,4.59
PG,2026-08-17,2026-08-28,155.0,P,11.5,13.65,12.575,54.81,-0.781939,0.021633,-0.169644,0.073193,11,143.12,1,0,4.59
PG,2026-08-17,2026-09-04,90.0,C,51.75,55.0,53.375,103.9067,0.983563,0.00124,-0.046431,0.013019,18,143.12,0,7,4.59
PG,2026-08-17,2026-09-04,95.0,C,46.75,50.0,48.375,93.1641,0.981829,0.001507,-0.046041,0.014184,18,143.12,0,7,4.59
PG,2026-08-17,2026-09-04,100.0,C,41.3,45.0,43.15,61.7191,0.996508,0.000535,-0.015789,0.003334,18,143.12,0,3,4.59
PG,2026-08-17,2026-09-04,105.0,C,36.3,40.35,38.325,70.5081,0.980682,0.002098,-0.039601,0.014942,18,143.12,0,3,4.59
PG,2026-08-17,2026-09-04,135.0,C,7.4,9.6,8.5,34.7663,0.793547,0.025822,-0.098112,0.090682,18,143.12,1,1,4.59
PG,2026-08-17,2026-09-04,136.0,C,7.0,8.75,7.875,33.7165,0.771365,0.028242,-0.100388,0.096186,18,143.12,0,5,4.59
PG,2026-08-17,2026-09-04,137.0,C,6.15,7.7,6.925,30.5915,0.759331,0.032022,-0.094322,0.098954,18,143.12,1,9,4.59
PG,2026-08-17,2026-09-04,140.0,C,3.2,5.75,4.475,31.031,0.648326,0.037621,-0.110474,0.117926,18,143.12,10,22,4.59
PG,2026-08-17,2026-09-04,141.0,C,2.9,4.05,3.475,22.1687,0.642387,0.052975,-0.08196,0.11863,18,143.12,0,1,4.59
PG,2026-08-17,2026-09-04,142.0,C,2.27,3.4,2.835,21.6072,0.589314,0.056631,-0.082391,0.123603,18,143.12,3,3,4.59
PG,2026-08-17,2026-09-04,143.0,C,2.32,3.15,2.735,23.7312,0.530655,0.052737,-0.090717,0.12642,18,143.12,16,25,4.59
PG,2026-08-17,2026-09-04,144.0,C,1.38,2.7,2.04,23.8777,0.478208,0.05249,-0.090639,0.126605,18,143.12,65,26,4.59
PG,2026-08-17,2026-09-04,145.0,C,1.6,1.99,1.795,21.595,0.416805,0.056857,-0.080246,0.124027,18,143.12,8,78,4.59
PG,2026-08-17,2026-09-04,146.0,C,1.05,1.45,1.25,20.0936,0.350765,0.058045,-0.070703,0.117816,18,143.12,8,80,4.59
PG,2026-08-17,2026-09-04,147.0,C,0.96,1.1,1.03,19.6297,0.291179,0.054971,-0.063549,0.109,18,143.12,5,287,4.59
PG,2026-08-17,2026-09-04,148.0,C,0.51,1.0,0.755,21.0335,0.256114,0.048144,-0.063381,0.10229,18,143.12,49,319,4.59
PG,2026-08-17,2026-09-04,149.0,C,0.52,0.85,0.685,21.7049,0.21966,0.042884,-0.059791,0.094023,18,143.12,108,47,4.59
PG,2026-08-17,2026-09-04,150.0,C,0.35,0.51,0.43,19.7762,0.157312,0.038283,-0.044244,0.076477,18,143.12,11,434,4.59
PG,2026-08-17,2026-09-04,152.5,C,0.0,0.48,0.24,23.8045,0.127165,0.027536,-0.045582,0.066214,18,143.12,26,164,4.59
PG,2026-08-17,2026-09-04,155.0,C,0.04,0.31,0.175,24.9519,0.084034,0.019454,-0.035176,0.049034,18,143.12,3,816,4.59
PG,2026-08-17,2026-09-04,157.5,C,0.0,0.65,0.325,34.6442,0.118551,0.018013,-0.06232,0.063035,18,143.12,2,633,4.59
PG,2026-08-17,2026-09-04,160.0,C,0.0,0.38,0.19,33.6677,0.076446,0.013423,-0.043766,0.045649,18,143.12,1,445,4.59
PG,2026-08-17,2026-09-04,162.5,C,0.0,0.82,0.41,45.1177,0.115229,0.013555,-0.07902,0.061778,18,143.12,15,151,4.59
PG,2026-08-17,2026-09-04,165.0,C,0.0,0.36,0.18,40.0397,0.062396,0.009652,-0.04429,0.039037,18,143.12,1,1,4.59
PG,2026-08-17,2026-09-04,172.5,C,0.0,2.13,1.065,63.5746,0.107673,0.009164,-0.105392,0.058851,18,143.12,1,1,4.59
PG,2026-08-17,2026-09-04,175.0,C,0.0,2.13,1.065,67.0413,0.103101,0.008422,-0.107607,0.057033,18,143.12,0,0,4.59
PG,2026-08-17,2026-09-04,120.0,P,0.0,2.13,1.065,64.1361,-0.093234,0.008178,-0.092937,0.05298,18,143.12,4,2,4.59
PG,2026-08-17,2026-09-04,125.0,P,0.0,2.13,1.065,52.979,-0.110296,0.011189,-0.086421,0.059878,18,143.12,5,24,4.59
PG,2026-08-17,2026-09-04,130.0,P,0.0,0.14,0.07,24.7566,-0.035179,0.009862,-0.016437,0.024661,18,143.12,1,183,4.59
PG,2026-08-17,2026-09-04,132.0,P,0.0,0.19,0.095,22.95,-0.049644,0.014059,-0.020042,0.032593,18,143.12,10,8,4.59
PG,2026-08-17,2026-09-04,133.0,P,0.0,0.7,0.35,30.2009,-0.124207,0.021351,-0.052778,0.065135,18,143.12,2,7,4.59
PG,2026-08-17,2026-09-04,134.0,P,0.0,2.29,1.145,45.4839,-0.235621,0.021289,-0.119944,0.097811,18,143.12,14,23,4.59
PG,2026-08-17,2026-09-04,135.0,P,0.16,0.31,0.235,20.1668,-0.085752,0.024438,-0.026617,0.049784,18,143.12,85,151,4.59
PG,2026-08-17,2026-09-04,136.0,P,0.16,0.5,0.33,21.119,-0.124981,0.030665,-0.036519,0.065419,18,143.12,2,178,4.59
PG,2026-08-17,2026-09-04,137.0,P,0.01,0.54,0.275,19.5321,-0.142008,0.036202,-0.036645,0.071427,18,143.12,17,301,4.59
PG,2026-08-17,2026-09-04,138.0,P,0.54,0.75,0.645,19.7518,-0.185633,0.042611,-0.043884,0.085018,18,143.12,214,262,4.59
PG,2026-08-17,2026-09-04,139.0,P,0.74,1.0,0.87,19.8494,-0.233883,0.048583,-0.050225,0.097411,18,143.12,7,159,4.59
PG,2026-08-17,2026-09-04,140.0,P,1.0,1.12,1.06,18.3114,-0.271837,0.057006,-0.049587,0.105444,18,143.12,17,142,4.59
PG,2026-08-17,2026-09-04,141.0,P,1.3,1.55,1.425,19.0804,-0.338527,0.060321,-0.056563,0.116261,18,143.12,4,41,4.59
PG,2026-08-17,2026-09-04,142.0,P,1.63,1.9,1.765,18.641,-0.399517,0.065189,-0.057585,0.122751,18,143.12,10,40,4.59
PG,2026-08-17,2026-09-04,143.0,P,1.9,2.53,2.215,19.8983,-0.467163,0.062868,-0.062826,0.126365,18,143.12,4,110,4.59
PG,2026-08-17,2026-09-04,144.0,P,2.5,3.15,2.825,20.5696,-0.528452,0.060868,-0.064293,0.126472,18,143.12,6,72,4.59
PG,2026-08-17,2026-09-04,145.0,P,2.85,3.85,3.35,21.4363,-0.58394,0.057255,-0.064977,0.123977,18,143.12,82,207,4.59
PG,2026-08-17,2026-09-04,146.0,P,3.65,4.3,3.975,19.8494,-0.651182,0.05864,-0.054962,0.117577,18,143.12,3,34,4.59
PG,2026-08-17,2026-09-04,147.0,P,4.05,5.95,5.0,27.9548,-0.64447,0.041924,-0.081996,0.118387,18,143.12,1,59,4.59
PG,2026-08-17,2026-09-04,148.0,P,5.0,6.1,5.55,23.1209,-0.723001,0.045569,-0.057263,0.106428,18,143.12,1,49,4.59
PG,2026-08-17,2026-09-04,149.0,P,5.25,7.5,6.375,29.1267,-0.71291,0.036802,-0.076521,0.108278,18,143.12,1,3,4.59
PG,2026-08-17,2026-09-04,150.0,P,6.75,7.95,7.35,26.0994,-0.773253,0.036314,-0.057403,0.095738,18,143.12,1,7,4.59
PG,2026-08-17,2026-09-04,155.0,P,10.65,13.5,12.075,42.0172,-0.784765,0.021894,-0.095726,0.092925,18,143.12,0,10,4.59
PG,2026-08-17,2026-09-11,85.0,C,56.3,60.3,58.3,93.1641,0.988374,0.000871,-0.029626,0.011382,25,143.12,0,6,4.59
PG,2026-08-17,2026-09-11,90.0,C,51.3,55.35,53.325,85.7423,0.985763,0.001127,-0.032139,0.013562,25,143.12,0,6,4.59
PG,2026-08-17,2026-09-11,95.0,C,46.35,50.35,48.35,78.3205,0.98275,0.001455,-0.03439,0.01599,25,143.12,0,0,4.59
PG,2026-08-17,2026-09-11,133.0,C,9.85,11.8,10.825,35.8283,0.804008,0.020608,-0.084687,0.103589,25,143.12,0,6,4.59
PG,2026-08-17,2026-09-11,135.0,C,7.95,9.95,8.95,32.7399,0.77461,0.02448,-0.083849,0.112446,25,143.12,7,6,4.59
PG,2026-08-17,2026-09-11,137.0,C,6.8,8.2,7.5,30.1277,0.734295,0.029065,-0.083837,0.122851,25,143.12,0,4,4.59
PG,2026-08-17,2026-09-11,140.0,C,3.55,6.15,4.85,29.2976,0.640156,0.034087,-0.090755,0.140109,25,143.12,1,2,4.59
PG,2026-08-17,2026-09-11,142.0,C,3.35,3.95,3.65,22.1321,0.582536,0.047091,-0.072767,0.146219,25,143.12,0,1,4.59
PG,2026-08-17,2026-09-11,144.0,C,2.18,2.85,2.515,21.3997,0.485577,0.049739,-0.070664,0.149331,25,143.12,23,79,4.59
PG,2026-08-17,2026-09-11,145.0,C,1.66,2.52,2.09,22.0223,0.43896,0.047797,-0.071152,0.147676,25,143.12,3,86,4.59
PG,2026-08-17,2026-09-11,146.0,C,1.43,1.85,1.64,19.9959,0.379772,0.050828,-0.062344,0.142591,25,143.12,112,41,4.59
PG,2026-08-17,2026-09-11,147.0,C,1.28,1.66,1.47,20.9603,0.33945,0.046642,-0.062252,0.137158,25,143.12,8,58,4.59
PG,2026-08-17,2026-09-11,148.0,C,0.83,1.56,1.195,22.3763,0.308555,0.042007,-0.063334,0.131874,25,143.12,8,19,4.59
PG,2026-08-17,2026-09-11,149.0,C,0.6,1.06,0.83,20.3865,0.248118,0.041449,-0.051828,0.11855,25,143.12,3,5,4.59
PG,2026-08-17,2026-09-11,150.0,C,0.22,1.09,0.655,22.4861,0.234129,0.036411,-0.054944,0.114867,25,143.12,4,133,4.59
PG,2026-08-17,2026-09-11,152.5,C,0.05,0.64,0.345,22.242,0.154368,0.028525,-0.041772,0.089013,25,143.12,20,1004,4.59
PG,2026-08-17,2026-09-11,155.0,C,0.0,0.27,0.135,20.6307,0.08032,0.019297,-0.024184,0.055853,25,143.12,24,159,4.59
PG,2026-08-17,2026-09-11,157.5,C,0.0,0.28,0.14,23.9021,0.072322,0.015378,-0.025673,0.051568,25,143.12,456,608,4.59
PG,2026-08-17,2026-09-11,160.0,C,0.0,1.66,0.83,44.3121,0.189019,0.016298,-0.092373,0.10132,25,143.12,15,18,4.59
PG,2026-08-17,2026-09-11,162.5,C,0.0,2.16,1.08,52.8813,0.203245,0.014271,-0.114717,0.105879,25,143.12,0,1,4.59
PG,2026-08-17,2026-09-11,165.0,C,0.0,0.95,0.475,43.5064,0.120955,0.012344,-0.067224,0.075347,25,143.12,0,20,4.59
PG,2026-08-17,2026-09-11,85.0,P,0.0,2.13,1.065,128.9066,-0.04266,0.00188,-0.086957,0.034006,25,143.12,1,1,4.59
PG,2026-08-17,2026-09-11,130.0,P,0.0,0.25,0.125,23.8777,-0.053651,0.012196,-0.018711,0.040856,25,143.12,0,7,4.59
PG,2026-08-17,2026-09-11,131.0,P,0.0,1.82,0.91,41.4557,-0.185873,0.017241,-0.080271,0.100274,25,143.12,1,1,4.59
PG,2026-08-17,2026-09-11,132.0,P,0.0,2.31,1.155,43.6773,-0.215666,0.017892,-0.092428,0.10964,25,143.12,4,18,4.59
PG,2026-08-17,2026-09-11,133.0,P,0.0,2.36,1.18,41.7975,-0.227146,0.01926,-0.090893,0.11294,25,143.12,1,20,4.59
PG,2026-08-17,2026-09-11,134.0,P,0.11,0.75,0.43,24.5613,-0.136556,0.023786,-0.038214,0.081965,25,143.12,2,11,4.59
PG,2026-08-17,2026-09-11,135.0,P,0.16,0.58,0.37,20.7772,-0.125487,0.026523,-0.030255,0.077315,25,143.12,1,27,4.59
PG,2026-08-17,2026-09-11,136.0,P,0.24,1.07,0.655,23.9021,-0.187387,0.030053,-0.04536,0.100779,25,143.12,2,20,4.59
PG,2026-08-17,2026-09-11,137.0,P,0.55,0.7,0.625,18.3602,-0.161989,0.035667,-0.031323,0.091873,25,143.12,13,16,4.59
PG,2026-08-17,2026-09-11,138.0,P,0.8,0.96,0.88,18.7752,-0.2068,0.040612,-0.037082,0.106976,25,143.12,27,96,4.59
PG,2026-08-17,2026-09-11,139.0,P,1.02,1.25,1.135,18.9705,-0.253269,0.04503,-0.041681,0.119847,25,143.12,14,51,4.59
PG,2026-08-17,2026-09-11,140.0,P,1.3,1.54,1.42,18.7874,-0.299987,0.049408,-0.044438,0.13023,25,143.12,34,179,4.59
PG,2026-08-17,2026-09-11,141.0,P,1.49,1.99,1.74,19.3612,-0.355724,0.051374,-0.048688,0.139547,25,143.12,10,66,4.59
PG,2026-08-17,2026-09-11,142.0,P,1.68,3.65,2.665,27.5886,-0.428561,0.037985,-0.074557,0.147026,25,143.12,1,48,4.59
PG,2026-08-17,2026-09-11,143.0,P,1.69,3.2,2.445,21.4119,-0.46484,0.04955,-0.056693,0.148848,25,143.12,51,84,4.59
PG,2026-08-17,2026-09-11,144.0,P,2.73,3.6,3.165,20.5574,-0.515911,0.051769,-0.053559,0.14931,25,143.12,2,332,4.59
PG,2026-08-17,2026-09-11,145.0,P,2.8,3.95,3.375,19.0072,-0.57397,0.05507,-0.047118,0.146853,25,143.12,3,28,4.59
PG,2026-08-17,2026-09-11,146.0,P,4.05,4.7,4.375,19.8006,-0.621572,0.051273,-0.046934,0.142436,25,143.12,3,261,4.59
PG,2026-08-17,2026-09-11,147.0,P,3.9,5.4,4.65,19.9471,-0.669202,0.048518,-0.043935,0.135778,25,143.12,1,5,4.59
PG,2026-08-17,2026-09-11,149.0,P,5.7,7.7,6.7,26.429,-0.695273,0.03537,-0.058481,0.131149,25,143.12,0,1,4.59
PG,2026-08-17,2026-09-11,150.0,P,6.0,8.55,7.275,27.2712,-0.721272,0.032882,-0.057314,0.125808,25,143.12,0,3,4.59
PG,2026-08-17,2026-09-11,152.5,P,8.75,10.8,9.775,29.8347,-0.770803,0.027119,-0.055482,0.113512,25,143.12,0,1,4.59
PG,2026-08-17,2026-09-18,80.0,C,61.35,65.35,63.35,94.7266,0.98698,0.000835,-0.028905,0.014205,32,143.12,5,6,4.59
PG,2026-08-17,2026-09-18,85.0,C,56.45,60.4,58.425,89.8439,0.982303,0.001146,-0.034267,0.01849,32,143.12,0,1,4.59
PG,2026-08-17,2026-09-18,90.0,C,51.4,55.45,53.425,81.1525,0.980498,0.001378,-0.034257,0.020083,32,143.12,2,0,4.59
PG,2026-08-17,2026-09-18,95.0,C,57.6,58.9,58.25,200.4644,0.839565,0.002869,-0.329828,0.103291,32,143.12,1,0,4.59
PG,2026-08-17,2026-09-18,100.0,C,42.2,44.55,43.375,62.9887,0.97897,0.001893,-0.030856,0.02141,32,143.12,1,3,4.59
PG,2026-08-17,2026-09-18,105.0,C,37.15,39.85,38.5,59.766,0.968347,0.002808,-0.038273,0.030143,32,143.12,80,0,4.59
PG,2026-08-17,2026-09-18,110.0,C,31.6,34.3,32.95,67.7493,0.923434,0.005009,-0.074411,0.060938,32,143.12,10,1,4.59
PG,2026-08-17,2026-09-18,115.0,C,27.25,30.25,28.75,50.0982,0.941879,0.005473,-0.04927,0.049236,32,143.12,1,1,4.59
PG,2026-08-17,2026-09-18,120.0,C,21.55,25.55,23.55,63.7577,0.851964,0.008554,-0.107325,0.097939,32,143.12,1,29,4.59
PG,2026-08-17,2026-09-18,125.0,C,17.7,19.85,18.775,47.2662,0.855526,0.011351,-0.08154,0.09635,32,143.12,1,24,4.59
PG,2026-08-17,2026-09-18,130.0,C,12.95,14.2,13.575,31.8488,0.864587,0.016121,-0.056965,0.092201,32,143.12,1,221,4.59
PG,2026-08-17,2026-09-18,135.0,C,7.6,10.95,9.275,36.2433,0.735059,0.021324,-0.088135,0.138787,32,143.12,10,373,4.59
PG,2026-08-17,2026-09-18,140.0,C,5.1,5.5,5.3,21.9979,0.663051,0.03917,-0.062231,0.154735,32,143.12,5,1549,4.59
PG,2026-08-17,2026-09-18,145.0,C,2.48,2.7,2.59,20.6063,0.448214,0.0453,-0.060193,0.167633,32,143.12,422,3572,4.59
PG,2026-08-17,2026-09-18,150.0,C,0.92,1.06,0.99,19.7274,0.236062,0.036851,-0.043554,0.130549,32,143.12,1162,4752,4.59
PG,2026-08-17,2026-09-18,155.0,C,0.32,0.35,0.335,19.5076,0.09758,0.020852,-0.023645,0.073049,32,143.12,460,20564,4.59
PG,2026-08-17,2026-09-18,160.0,C,0.11,0.22,0.165,22.657,0.057057,0.011927,-0.017984,0.048526,32,143.12,115,17670,4.59
PG,2026-08-17,2026-09-18,165.0,C,0.03,0.06,0.045,22.1687,0.018534,0.004831,-0.006925,0.019232,32,143.12,100,8112,4.59
PG,2026-08-17,2026-09-18,170.0,C,0.0,0.16,0.08,30.2741,0.032955,0.005732,-0.015203,0.031163,32,143.12,4,5429,4.59
PG,2026-08-17,2026-09-18,175.0,C,0.0,0.25,0.125,37.11,0.04043,0.005528,-0.021921,0.036837,32,143.12,4,3081,4.59
PG,2026-08-17,2026-09-18,180.0,C,0.0,0.16,0.08,38.2819,0.026349,0.003765,-0.015848,0.025881,32,143.12,1,966,4.59
PG,2026-08-17,2026-09-18,185.0,C,0.0,0.55,0.275,52.2954,0.05947,0.005338,-0.041772,0.050131,32,143.12,1,958,4.59
PG,2026-08-17,2026-09-18,190.0,C,0.0,0.12,0.06,43.7506,0.017979,0.002385,-0.01306,0.01874,32,143.12,6,525,4.59
PG,2026-08-17,2026-09-18,195.0,C,0.0,2.13,1.065,69.4827,0.083052,0.005194,-0.071457,0.064804,32,143.12,54,59,4.59
PG,2026-08-17,2026-09-18,200.0,C,0.0,1.0,0.5,63.0863,0.046413,0.003635,-0.041216,0.041178,32,143.12,12,122,4.59
PG,2026-08-17,2026-09-18,210.0,C,0.0,0.17,0.085,53.9067,0.010666,0.001234,-0.01021,0.011948,32,143.12,14,38,4.59
PG,2026-08-17,2026-09-18,220.0,C,0.0,0.4,0.2,66.6019,0.019455,0.001676,-0.021121,0.020042,32,143.12,7,16,4.59
PG,2026-08-17,2026-09-18,230.0,C,0.0,0.58,0.29,76.1721,0.024066,0.001754,-0.028872,0.023988,32,143.12,62,28,4.59
PG,2026-08-17,2026-09-18,240.0,C,0.0,2.14,1.07,102.0513,0.060691,0.002779,-0.081997,0.050935,32,143.12,1,33,4.59
PG,2026-08-17,2026-09-18,80.0,P,0.0,2.13,1.065,125.5863,-0.0393,0.001596,-0.069967,0.035997,32,143.12,3,103,4.59
PG,2026-08-17,2026-09-18,85.0,P,0.0,0.18,0.09,75.1956,-0.00683,0.000598,-0.009388,0.008081,32,143.12,1,1,4.59
PG,2026-08-17,2026-09-18,100.0,P,0.0,0.35,0.175,59.2778,-0.015823,0.001578,-0.015316,0.016801,32,143.12,1,356,4.59
PG,2026-08-17,2026-09-18,105.0,P,0.0,0.15,0.075,50.9771,-0.015819,0.001835,-0.013137,0.016798,32,143.12,6,59,4.59
PG,2026-08-17,2026-09-18,110.0,P,0.0,0.1,0.05,41.6021,-0.013052,0.001905,-0.009055,0.014235,32,143.12,3,371,4.59
PG,2026-08-17,2026-09-18,115.0,P,0.0,0.16,0.08,38.1842,-0.021689,0.003205,-0.012783,0.021976,32,143.12,1,501,4.59
PG,2026-08-17,2026-09-18,120.0,P,0.0,0.48,0.24,39.649,-0.056239,0.006738,-0.028863,0.047977,32,143.12,10,1545,4.59
PG,2026-08-17,2026-09-18,125.0,P,0.05,0.19,0.12,26.3679,-0.034801,0.006883,-0.012906,0.032592,32,143.12,19,3694,4.59
PG,2026-08-17,2026-09-18,130.0,P,0.18,0.31,0.245,22.2908,-0.061908,0.012923,-0.017092,0.051731,32,143.12,378,7234,4.59
PG,2026-08-17,2026-09-18,135.0,P,0.6,0.71,0.655,19.7518,-0.1393,0.026501,-0.026926,0.094,32,143.12,196,4900,4.59
PG,2026-08-17,2026-09-18,140.0,P,1.69,1.82,1.755,18.4701,-0.312161,0.04521,-0.038579,0.149954,32,143.12,636,4531,4.59
PG,2026-08-17,2026-09-18,145.0,P,3.85,4.1,3.975,17.7621,-0.563605,0.052326,-0.037755,0.166906,32,143.12,558,3031,4.59
PG,2026-08-17,2026-09-18,150.0,P,7.2,8.15,7.675,21.3387,-0.745419,0.03548,-0.033723,0.135959,32,143.12,76,2318,4.59
PG,2026-08-17,2026-09-18,155.0,P,11.4,12.7,12.05,24.9275,-0.841222,0.022918,-0.026503,0.102591,32,143.12,2,660,4.59
PG,2026-08-17,2026-09-18,160.0,P,16.15,17.85,17.0,32.8864,-0.856095,0.016271,-0.035188,0.096094,32,143.12,152,125,4.59
PG,2026-08-17,2026-09-18,165.0,P,20.15,23.95,22.05,49.5366,-0.809062,0.012966,-0.075155,0.115344,32,143.12,38,25,4.59
PG,2026-08-17,2026-09-18,170.0,P,23.65,25.65,24.65,0.001,-1.0,0.0,0.017191,0.0,32,143.12,2,21,4.59
PG,2026-08-17,2026-09-18,175.0,P,30.15,33.85,32.0,60.7182,-0.843906,0.009304,-0.080619,0.101449,32,143.12,1,2,4.59
PG,2026-08-17,2026-09-18,180.0,P,35.7,38.25,36.975,59.6928,-0.883065,0.007765,-0.060992,0.083235,32,143.12,1,6,4.59
PG,2026-08-17,2026-09-18,185.0,P,36.25,40.05,38.15,0.001,-1.0,0.0,0.018708,0.0,32,143.12,1,1,4.59
PG,2026-08-17,2026-09-18,190.0,P,42.5,46.25,44.375,0.001,-1.0,0.0,0.019213,0.0,32,143.12,1,0,4.59
PG,2026-08-17,2026-09-18,195.0,P,50.45,53.45,51.95,76.3674,-0.892608,0.005711,-0.07514,0.07832,32,143.12,4,0,4.59
PG,2026-08-17,2026-09-18,200.0,P,55.45,58.45,56.95,80.7375,-0.897367,0.005227,-0.076725,0.075792,32,143.12,8,0,4.59
PG,2026-08-17,2026-09-18,220.0,P,74.9,78.95,76.925,55.4692,-0.994063,0.000717,0.015979,0.007138,32,143.12,0,0,4.59
PG,2026-08-17,2026-09-18,230.0,P,82.65,86.3,84.475,0.001,-1.0,0.0,0.023258,0.0,32,143.12,1,1,4.59
PG,2026-08-17,2026-09-25,115.0,C,26.95,30.7,28.825,68.4818,0.865813,0.006749,-0.098239,0.101154,39,143.12,0,0,4.59
PG,2026-08-17,2026-09-25,140.0,C,5.5,6.05,5.775,23.0599,0.648987,0.03437,-0.060064,0.173465,39,143.12,0,2,4.59
PG,2026-08-17,2026-09-25,145.0,C,2.74,3.2,2.97,21.3997,0.462147,0.039669,-0.05734,0.185796,39,143.12,2,2,4.59
PG,2026-08-17,2026-09-25,146.0,C,2.31,2.77,2.54,21.2044,0.422422,0.039453,-0.05561,0.183096,39,143.12,1,1,4.59
PG,2026-08-17,2026-09-25,147.0,C,1.97,2.3,2.135,20.5696,0.380044,0.039568,-0.052246,0.178134,39,143.12,0,2,4.59
PG,2026-08-17,2026-09-25,148.0,C,1.46,2.3,1.88,22.4129,0.356804,0.035569,-0.055069,0.17448,39,143.12,3,8,4.59
PG,2026-08-17,2026-09-25,149.0,C,1.36,2.0,1.68,22.3885,0.322934,0.034273,-0.052677,0.167937,39,143.12,0,1,4.59
PG,2026-08-17,2026-09-25,150.0,C,1.07,1.44,1.255,20.4964,0.271515,0.034579,-0.044547,0.155118,39,143.12,7,35,4.59
PG,2026-08-17,2026-09-25,152.5,C,0.5,1.0,0.75,20.9481,0.201843,0.028725,-0.038191,0.131697,39,143.12,1,131,4.59
PG,2026-08-17,2026-09-25,155.0,C,0.4,0.5,0.45,19.4832,0.123406,0.022383,-0.025577,0.095443,39,143.12,37,173,4.59
PG,2026-08-17,2026-09-25,157.5,C,0.01,0.6,0.305,23.3406,0.122034,0.018538,-0.030044,0.094698,39,143.12,2,5,4.59
PG,2026-08-17,2026-09-25,160.0,C,0.01,0.39,0.2,23.3406,0.085142,0.014268,-0.023006,0.072889,39,143.12,0,2,4.59
PG,2026-08-17,2026-09-25,162.5,C,0.0,2.09,1.045,42.1148,0.204708,0.014409,-0.074465,0.132809,39,143.12,0,30,4.59
PG,2026-08-17,2026-09-25,165.0,C,0.0,2.03,1.015,44.6661,0.190985,0.013028,-0.075494,0.127356,39,143.12,0,1,4.59
PG,2026-08-17,2026-09-25,125.0,P,0.0,0.33,0.165,26.8562,-0.051446,0.008397,-0.016219,0.049358,39,143.12,3,4,4.59
PG,2026-08-17,2026-09-25,130.0,P,0.07,0.63,0.35,24.3904,-0.097579,0.015107,-0.023745,0.080644,39,143.12,19,3,4.59
PG,2026-08-17,2026-09-25,133.0,P,0.09,1.16,0.625,24.8787,-0.160823,0.020975,-0.033989,0.11421,39,143.12,1,5,4.59
PG,2026-08-17,2026-09-25,134.0,P,0.52,0.91,0.715,21.2166,-0.148907,0.023376,-0.027284,0.108547,39,143.12,0,10,4.59
PG,2026-08-17,2026-09-25,135.0,P,0.5,0.98,0.74,20.2034,-0.164194,0.02618,-0.027515,0.115762,39,143.12,131,42,4.59
PG,2026-08-17,2026-09-25,136.0,P,0.7,1.33,1.015,21.1678,-0.203478,0.028564,-0.03284,0.132333,39,143.12,16,11,4.59
PG,2026-08-17,2026-09-25,137.0,P,0.99,1.55,1.27,20.8992,-0.232147,0.031218,-0.03475,0.142794,39,143.12,13,10,4.59
PG,2026-08-17,2026-09-25,138.0,P,1.11,1.65,1.38,19.6907,-0.254741,0.03484,-0.034057,0.150144,39,143.12,8,117,4.59
PG,2026-08-17,2026-09-25,139.0,P,1.4,2.0,1.7,19.8738,-0.293559,0.037026,-0.036592,0.161052,39,143.12,2,29,4.59
PG,2026-08-17,2026-09-25,140.0,P,1.67,2.15,1.91,18.6776,-0.32407,0.041142,-0.035372,0.16818,39,143.12,92,66,4.59
PG,2026-08-17,2026-09-25,141.0,P,1.96,3.05,2.505,21.4424,-0.380407,0.037969,-0.04318,0.178186,39,143.12,3,20,4.59
PG,2026-08-17,2026-09-25,142.0,P,2.59,3.25,2.92,20.1058,-0.415818,0.041466,-0.040697,0.182466,39,143.12,1,12,4.59
PG,2026-08-17,2026-09-25,143.0,P,2.65,3.75,3.2,20.1668,-0.457908,0.042049,-0.04099,0.185597,39,143.12,2,21,4.59
PG,2026-08-17,2026-09-25,144.0,P,3.3,4.65,3.975,22.1321,-0.497554,0.038529,-0.045296,0.186633,39,143.12,7,6,4.59
PG,2026-08-17,2026-09-25,145.0,P,2.99,5.6,4.295,24.1829,-0.530098,0.035162,-0.049473,0.186105,39,143.12,73,7,4.59
PG,2026-08-17,2026-09-25,146.0,P,4.7,5.3,5.0,19.3001,-0.587664,0.043113,-0.036032,0.182112,39,143.12,1,1,4.59
PG,2026-08-17,2026-09-25,148.0,P,5.75,6.65,6.2,19.3123,-0.668903,0.040137,-0.031663,0.169648,39,143.12,0,1,4.59
PG,2026-08-17,2026-09-25,150.0,P,6.3,8.95,7.625,24.4881,-0.690444,0.030776,-0.040899,0.164944,39,143.12,0,2,4.59
PG,2026-08-17,2026-10-02,134.0,C,9.85,11.8,10.825,31.2873,0.755016,0.019775,-0.064043,0.159717,46,143.12,0,1,4.59
PG,2026-08-17,2026-10-02,144.0,C,3.6,4.25,3.925,22.7547,0.508887,0.034498,-0.057052,0.202645,46,143.12,1,2,4.59
PG,2026-08-17,2026-10-02,146.0,C,2.6,3.15,2.875,21.473,0.435644,0.03609,-0.052676,0.200052,46,143.12,2,8,4.59
PG,2026-08-17,2026-10-02,147.0,C,2.27,2.95,2.61,22.3152,0.405499,0.034195,-0.053347,0.196981,46,143.12,0,11,4.59
PG,2026-08-17,2026-10-02,149.0,C,1.4,2.29,1.845,22.2481,0.340463,0.032432,-0.049738,0.186263,46,143.12,0,1,4.59
PG,2026-08-17,2026-10-02,155.0,C,0.55,0.89,0.72,21.4363,0.171442,0.02336,-0.032511,0.129268,46,143.12,9,1,4.59
PG,2026-08-17,2026-10-02,160.0,C,0.01,2.21,1.11,36.7438,0.22551,0.016085,-0.063979,0.152575,46,143.12,0,3,4.59
PG,2026-08-17,2026-10-02,130.0,P,0.09,0.98,0.535,25.8308,-0.126052,0.015777,-0.027621,0.105204,46,143.12,3,5,4.59
PG,2026-08-17,2026-10-02,135.0,P,0.79,1.58,1.185,22.7669,-0.205873,0.024625,-0.032684,0.144724,46,143.12,4,4,4.59
PG,2026-08-17,2026-10-02,136.0,P,0.87,2.21,1.54,24.9519,-0.250459,0.02509,-0.039994,0.161613,46,143.12,0,1,4.59
PG,2026-08-17,2026-10-02,137.0,P,1.2,1.73,1.465,20.3621,-0.240318,0.030071,-0.03134,0.158063,46,143.12,1,20,4.59
PG,2026-08-17,2026-10-02,138.0,P,1.49,2.37,1.93,22.2298,-0.287665,0.030192,-0.037472,0.173258,46,143.12,3,1,4.59
PG,2026-08-17,2026-10-02,139.0,P,1.75,2.43,2.09,20.6612,-0.309055,0.033562,-0.035494,0.179009,46,143.12,2,20,4.59
PG,2026-08-17,2026-10-16,90.0,C,54.8,57.75,56.275,102.3198,0.909922,0.002737,-0.087864,0.094291,60,143.12,1,1,4.59
PG,2026-08-17,2026-10-16,100.0,C,41.9,45.45,43.675,53.5161,0.963181,0.002594,-0.030342,0.046738,60,143.12,10,27,4.59
PG,2026-08-17,2026-10-16,110.0,C,31.85,35.9,33.875,64.722,0.87645,0.005437,-0.072938,0.11848,60,143.12,20,21,4.59
PG,2026-08-17,2026-10-16,115.0,C,27.55,30.05,28.8,50.2202,0.8861,0.006615,-0.056578,0.111864,60,143.12,12,13,4.59
PG,2026-08-17,2026-10-16,120.0,C,23.4,25.55,24.475,46.8877,0.854034,0.008415,-0.061663,0.132848,60,143.12,10,13,4.59
PG,2026-08-17,2026-10-16,125.0,C,18.65,20.35,19.5,38.233,0.838926,0.011015,-0.055241,0.141805,60,143.12,10,14,4.59
PG,2026-08-17,2026-10-16,130.0,C,14.05,15.6,14.825,32.4714,0.800214,0.014849,-0.053911,0.162349,60,143.12,20,39,4.59
PG,2026-08-17,2026-10-16,135.0,C,9.8,11.8,10.8,30.9089,0.718137,0.018829,-0.059654,0.195959,60,143.12,11,120,4.59
PG,2026-08-17,2026-10-16,140.0,C,6.7,7.05,6.875,23.1575,0.635528,0.027958,-0.050537,0.218004,60,143.12,38,223,4.59
PG,2026-08-17,2026-10-16,145.0,C,4.0,4.2,4.1,21.6438,0.485851,0.031745,-0.048321,0.231348,60,143.12,55,2653,4.59
PG,2026-08-17,2026-10-16,150.0,C,2.19,2.29,2.24,20.8992,0.330004,0.029863,-0.041135,0.210145,60,143.12,271,2820,4.59
PG,2026-08-17,2026-10-16,155.0,C,1.04,1.28,1.16,21.3997,0.210257,0.023226,-0.032753,0.167354,60,143.12,509,1707,4.59
PG,2026-08-17,2026-10-16,160.0,C,0.28,0.69,0.485,21.8758,0.126302,0.016334,-0.023689,0.120317,60,143.12,157,13086,4.59
PG,2026-08-17,2026-10-16,165.0,C,0.2,0.28,0.24,21.1922,0.061549,0.009882,-0.013315,0.070515,60,143.12,38,10185,4.59
PG,2026-08-17,2026-10-16,170.0,C,0.1,0.27,0.185,24.4636,0.052155,0.007513,-0.013344,0.06189,60,143.12,10,1502,4.59
PG,2026-08-17,2026-10-16,175.0,C,0.05,0.1,0.075,23.4871,0.022734,0.003959,-0.006447,0.031311,60,143.12,70,268,4.59
PG,2026-08-17,2026-10-16,180.0,C,0.0,0.21,0.105,29.4441,0.035158,0.004539,-0.01153,0.045003,60,143.12,80,503,4.59
PG,2026-08-17,2026-10-16,185.0,C,0.0,0.2,0.1,32.0319,0.031122,0.003774,-0.011295,0.040702,60,143.12,15,194,4.59
PG,2026-08-17,2026-10-16,190.0,C,0.0,0.18,0.09,34.1315,0.026537,0.003102,-0.010506,0.03565,60,143.12,1,62,4.59
PG,2026-08-17,2026-10-16,195.0,C,0.0,0.37,0.185,41.3092,0.042107,0.003748,-0.018517,0.05213,60,143.12,1,18,4.59
PG,2026-08-17,2026-10-16,200.0,C,0.0,0.16,0.08,38.4772,0.021279,0.002285,-0.009786,0.02961,60,143.12,3,154,4.59
PG,2026-08-17,2026-10-16,210.0,C,0.02,0.1,0.06,40.5279,0.013406,0.001462,-0.006921,0.019948,60,143.12,4,42,4.59
PG,2026-08-17,2026-10-16,220.0,C,0.0,0.2,0.1,48.9263,0.020798,0.001763,-0.012123,0.029043,60,143.12,21,3,4.59
PG,2026-08-17,2026-10-16,230.0,C,0.0,0.15,0.075,51.0747,0.015465,0.001312,-0.009811,0.022559,60,143.12,0,2,4.59
PG,2026-08-17,2026-10-16,90.0,P,0.0,0.16,0.08,54.0044,-0.01204,0.001,-0.007991,0.018177,60,143.12,5,15,4.59
PG,2026-08-17,2026-10-16,95.0,P,0.0,0.16,0.08,48.3404,-0.01321,0.00121,-0.007728,0.019695,60,143.12,1,16,4.59
PG,2026-08-17,2026-10-16,100.0,P,0.0,0.16,0.08,42.9693,-0.014632,0.001487,-0.007476,0.02151,60,143.12,3,9,4.59
PG,2026-08-17,2026-10-16,105.0,P,0.0,0.18,0.09,38.5748,-0.017976,0.001975,-0.007972,0.025659,60,143.12,1,41,4.59
PG,2026-08-17,2026-10-16,110.0,P,0.05,0.15,0.1,32.5202,-0.017502,0.00229,-0.00653,0.02508,60,143.12,5,252,4.59
PG,2026-08-17,2026-10-16,115.0,P,0.06,0.47,0.265,34.4977,-0.046729,0.004881,-0.015578,0.056694,60,143.12,1,372,4.59
PG,2026-08-17,2026-10-16,120.0,P,0.14,0.49,0.315,29.2976,-0.055477,0.006588,-0.015019,0.064992,60,143.12,2,279,4.59
PG,2026-08-17,2026-10-16,125.0,P,0.3,0.39,0.345,22.5838,-0.055842,0.008591,-0.011451,0.065329,60,143.12,23,1648,4.59
PG,2026-08-17,2026-10-16,130.0,P,0.58,0.73,0.655,20.6429,-0.103227,0.014994,-0.016367,0.104219,60,143.12,68,1442,4.59
PG,2026-08-17,2026-10-16,135.0,P,1.26,1.55,1.405,19.8128,-0.199599,0.024322,-0.023757,0.162257,60,143.12,134,3748,4.59
PG,2026-08-17,2026-10-16,140.0,P,2.74,2.87,2.805,18.409,-0.339371,0.034277,-0.027412,0.212466,60,143.12,159,11138,4.59
PG,2026-08-17,2026-10-16,145.0,P,4.9,5.2,5.05,17.8597,-0.523905,0.038426,-0.026311,0.231078,60,143.12,78,2483,4.59
PG,2026-08-17,2026-10-16,150.0,P,8.0,8.65,8.325,18.3236,-0.695994,0.032896,-0.020079,0.202961,60,143.12,5,1369,4.59
PG,2026-08-17,2026-10-16,155.0,P,11.3,13.5,12.4,23.4505,-0.766428,0.022507,-0.022311,0.177717,60,143.12,12,196,4.59
PG,2026-08-17,2026-10-16,160.0,P,16.25,18.15,17.2,26.3679,-0.824457,0.016881,-0.019207,0.149873,60,143.12,1,13,4.59
PG,2026-08-17,2026-10-16,165.0,P,20.55,23.95,22.25,36.4386,-0.801744,0.013171,-0.03509,0.161599,60,143.12,15,0,4.59
PG,2026-08-17,2026-10-16,170.0,P,25.55,28.95,27.25,41.0528,-0.819712,0.011026,-0.037399,0.152416,60,143.12,1,0,4.59
PG,2026-08-17,2026-10-16,200.0,P,55.45,58.45,56.95,59.3998,-0.893213,0.00534,-0.034091,0.106808,60,143.12,1,0,4.59
PG,2026-08-17,2026-10-16,220.0,P,75.45,78.45,76.95,71.1062,-0.907592,0.004014,-0.035937,0.096093,60,143.12,0,0,4.59
