symbol,quote_date,expiration,strike,option_type,bid,ask,mid,implied_volatility,delta,gamma,theta,vega,dte,underlying_price,volume,open_interest,iv_rank
V,2026-07-13,2026-07-24,235.0,C,121.05,124.05,122.55,136.2552,0.971262,0.000776,-0.275364,0.040776,11,357.75,1,2,21.83
V,2026-07-13,2026-07-24,250.0,C,106.4,109.05,107.725,119.141,0.96723,0.000989,-0.27039,0.04546,11,357.75,0,1,21.83
V,2026-07-13,2026-07-24,295.0,C,62.0,63.65,62.825,66.3333,0.959256,0.002123,-0.192335,0.054326,11,357.75,1,3,21.83
V,2026-07-13,2026-07-24,300.0,C,57.0,58.6,57.8,60.8646,0.958154,0.002365,-0.182591,0.055513,11,357.75,2,8,21.83
V,2026-07-13,2026-07-24,305.0,C,52.05,53.7,52.875,57.6176,0.951148,0.002829,-0.193927,0.062876,11,357.75,1,22,21.83
V,2026-07-13,2026-07-24,310.0,C,47.05,48.65,47.85,52.2466,0.949211,0.003218,-0.183723,0.064857,11,357.75,1,5,21.83
V,2026-07-13,2026-07-24,315.0,C,42.1,43.65,42.875,47.6079,0.944614,0.003783,-0.180373,0.06947,11,357.75,10,41,21.83
V,2026-07-13,2026-07-24,320.0,C,37.15,38.8,37.975,44.5806,0.932426,0.004719,-0.194534,0.081151,11,357.75,2,44,21.83
V,2026-07-13,2026-07-24,325.0,C,32.25,33.9,33.075,40.7599,0.92045,0.005848,-0.200488,0.091937,11,357.75,1,36,21.83
V,2026-07-13,2026-07-24,327.5,C,29.8,31.45,30.625,38.7701,0.913554,0.006545,-0.202626,0.097869,11,357.75,0,5,21.83
V,2026-07-13,2026-07-24,330.0,C,27.4,28.95,28.175,36.2921,0.908387,0.0073,-0.198799,0.102192,11,357.75,2,66,21.83
V,2026-07-13,2026-07-24,335.0,C,22.65,24.8,23.725,37.2443,0.856768,0.009773,-0.266428,0.140386,11,357.75,21,91,21.83
V,2026-07-13,2026-07-24,337.5,C,20.8,21.9,21.35,31.8854,0.864475,0.010993,-0.225291,0.135201,11,357.75,0,6,21.83
V,2026-07-13,2026-07-24,340.0,C,18.6,19.6,19.1,30.3962,0.844247,0.012663,-0.23396,0.148464,11,357.75,5,214,21.83
V,2026-07-13,2026-07-24,342.5,C,15.95,17.4,16.675,29.2549,0.817341,0.014576,-0.246783,0.164468,11,357.75,6,21,21.83
V,2026-07-13,2026-07-24,345.0,C,13.9,15.85,14.875,31.0432,0.764604,0.015954,-0.295869,0.191028,11,357.75,7,371,21.83
V,2026-07-13,2026-07-24,347.5,C,11.95,13.3,12.625,27.5032,0.744169,0.018831,-0.275566,0.199766,11,357.75,40,675,21.83
V,2026-07-13,2026-07-24,350.0,C,10.7,11.45,11.075,26.9294,0.697034,0.020881,-0.289792,0.216894,11,357.75,72,335,21.83
V,2026-07-13,2026-07-24,352.5,C,8.55,9.85,9.2,26.8989,0.642071,0.02235,-0.305977,0.231883,11,357.75,32,345,21.83
V,2026-07-13,2026-07-24,355.0,C,7.05,8.05,7.55,25.5379,0.587674,0.024543,-0.301291,0.241757,11,357.75,75,394,21.83
V,2026-07-13,2026-07-24,357.5,C,5.95,6.6,6.275,25.0252,0.525385,0.025617,-0.299794,0.247263,11,357.75,55,93,21.83
V,2026-07-13,2026-07-24,360.0,C,4.95,5.55,5.25,25.4768,0.462459,0.025102,-0.301991,0.246667,11,357.75,245,675,21.83
V,2026-07-13,2026-07-24,362.5,C,3.55,4.4,3.975,24.9519,0.398625,0.024908,-0.286015,0.239722,11,357.75,36,32,21.83
V,2026-07-13,2026-07-24,365.0,C,2.8,3.45,3.125,24.6223,0.336617,0.023869,-0.265664,0.226684,11,357.75,904,184,21.83
V,2026-07-13,2026-07-24,367.5,C,2.05,2.7,2.375,24.5308,0.279699,0.022084,-0.242946,0.208952,11,357.75,25,177,21.83
V,2026-07-13,2026-07-24,370.0,C,1.49,2.11,1.8,24.5979,0.229409,0.019848,-0.218727,0.188311,11,357.75,56,255,21.83
V,2026-07-13,2026-07-24,372.5,C,1.07,1.63,1.35,24.6712,0.185207,0.017433,-0.192647,0.165893,11,357.75,10,163,21.83
V,2026-07-13,2026-07-24,375.0,C,0.77,1.45,1.11,26.0505,0.160149,0.015048,-0.184755,0.151202,11,357.75,57,419,21.83
V,2026-07-13,2026-07-24,377.5,C,0.6,0.94,0.77,24.8299,0.115259,0.012607,-0.140396,0.120741,11,357.75,6,1,21.83
V,2026-07-13,2026-07-24,380.0,C,0.35,0.73,0.54,25.1594,0.091122,0.010489,-0.119666,0.101785,11,357.75,31,41,21.83
V,2026-07-13,2026-07-24,382.5,C,0.19,0.54,0.365,25.2205,0.069395,0.008515,-0.097445,0.082832,11,357.75,0,4,21.83
V,2026-07-13,2026-07-24,385.0,C,0.24,0.57,0.405,27.4177,0.067471,0.007665,-0.10343,0.081055,11,357.75,7,85,21.83
V,2026-07-13,2026-07-24,390.0,C,0.09,0.27,0.18,26.7097,0.034835,0.00464,-0.059287,0.047804,11,357.75,10,8,21.83
V,2026-07-13,2026-07-24,395.0,C,0.01,0.23,0.12,29.0534,0.027659,0.003525,-0.053152,0.039497,11,357.75,1,2,21.83
V,2026-07-13,2026-07-24,400.0,C,0.01,0.14,0.075,29.6394,0.016921,0.002281,-0.035742,0.026079,11,357.75,75,106,21.83
V,2026-07-13,2026-07-24,405.0,C,0.02,0.23,0.125,34.9616,0.023018,0.002511,-0.054637,0.033863,11,357.75,18,3,21.83
V,2026-07-13,2026-07-24,410.0,C,0.02,0.23,0.125,37.7936,0.021288,0.002175,-0.05522,0.031702,11,357.75,60,189,21.83
V,2026-07-13,2026-07-24,415.0,C,0.01,0.11,0.06,36.5241,0.01096,0.001273,-0.030157,0.017929,11,357.75,4,31,21.83
V,2026-07-13,2026-07-24,420.0,C,0.0,0.22,0.11,43.0181,0.018053,0.001661,-0.054536,0.027562,11,357.75,1,88,21.83
V,2026-07-13,2026-07-24,425.0,C,0.01,0.05,0.03,37.6959,0.004906,0.000607,-0.015306,0.00883,11,357.75,10,612,21.83
V,2026-07-13,2026-07-24,430.0,C,0.0,0.13,0.065,44.8248,0.010428,0.000993,-0.035352,0.017169,11,357.75,635,630,21.83
V,2026-07-13,2026-07-24,435.0,C,0.01,0.04,0.025,41.0162,0.003526,0.000415,-0.012376,0.00657,11,357.75,4,46,21.83
V,2026-07-13,2026-07-24,440.0,C,0.01,0.08,0.045,46.6802,0.006222,0.000606,-0.023362,0.010906,11,357.75,4,113,21.83
V,2026-07-13,2026-07-24,445.0,C,0.0,0.1,0.05,50.1958,0.007182,0.000639,-0.028502,0.01238,11,357.75,8,8,21.83
V,2026-07-13,2026-07-24,190.0,P,0.0,0.03,0.015,112.5004,-0.000414,2.1e-05,-0.004717,0.000926,11,357.75,2,792,21.83
V,2026-07-13,2026-07-24,195.0,P,0.0,0.02,0.01,104.688,-0.000295,1.7e-05,-0.003207,0.000676,11,357.75,7,1103,21.83
V,2026-07-13,2026-07-24,200.0,P,0.0,0.13,0.065,119.5317,-0.001798,7.8e-05,-0.019352,0.003575,11,357.75,1274,910,21.83
V,2026-07-13,2026-07-24,205.0,P,0.0,0.2,0.1,120.3129,-0.002753,0.000113,-0.028654,0.005259,11,357.75,4,725,21.83
V,2026-07-13,2026-07-24,210.0,P,0.0,0.2,0.1,115.6254,-0.00289,0.000123,-0.028766,0.005495,11,357.75,4,510,21.83
V,2026-07-13,2026-07-24,215.0,P,0.0,0.06,0.03,98.0469,-0.001024,5.6e-05,-0.009482,0.002136,11,357.75,107,607,21.83
V,2026-07-13,2026-07-24,220.0,P,0.0,0.2,0.1,106.2505,-0.003126,0.000144,-0.028356,0.005896,11,357.75,30,753,21.83
V,2026-07-13,2026-07-24,225.0,P,0.0,0.17,0.085,99.8047,-0.002806,0.000139,-0.024162,0.00535,11,357.75,3594,3553,21.83
V,2026-07-13,2026-07-24,230.0,P,0.0,0.2,0.1,97.2657,-0.003392,0.000169,-0.027925,0.006346,11,357.75,6,1122,21.83
V,2026-07-13,2026-07-24,235.0,P,0.0,0.2,0.1,92.9688,-0.003556,0.000185,-0.027845,0.006621,11,357.75,9,93,21.83
V,2026-07-13,2026-07-24,240.0,P,0.0,0.2,0.1,88.672,-0.003708,0.000201,-0.027567,0.006875,11,357.75,40,31,21.83
V,2026-07-13,2026-07-24,250.0,P,0.0,0.2,0.1,80.4689,-0.004105,0.000243,-0.027387,0.00753,11,357.75,24,17,21.83
V,2026-07-13,2026-07-24,255.0,P,0.0,0.2,0.1,76.3674,-0.004287,0.000266,-0.02701,0.007828,11,357.75,28,24,21.83
V,2026-07-13,2026-07-24,260.0,P,0.0,0.21,0.105,72.8518,-0.004721,0.000304,-0.028073,0.008532,11,357.75,23,80,21.83
V,2026-07-13,2026-07-24,265.0,P,0.0,0.21,0.105,68.9456,-0.004989,0.000337,-0.027899,0.008963,11,357.75,61,58,21.83
V,2026-07-13,2026-07-24,270.0,P,0.01,0.21,0.11,65.5277,-0.005533,0.000389,-0.029063,0.009828,11,357.75,12,35,21.83
V,2026-07-13,2026-07-24,275.0,P,0.01,0.07,0.04,54.8833,-0.002398,0.000219,-0.011488,0.004641,11,357.75,36,23,21.83
V,2026-07-13,2026-07-24,280.0,P,0.0,0.11,0.055,53.3208,-0.003408,0.00031,-0.015318,0.006373,11,357.75,1,54,21.83
V,2026-07-13,2026-07-24,285.0,P,0.01,0.19,0.1,53.5161,-0.006111,0.00052,-0.025879,0.010733,11,357.75,30,47,21.83
V,2026-07-13,2026-07-24,290.0,P,0.01,0.18,0.095,54.0044,-0.010772,0.000848,-0.042945,0.017661,11,357.75,2,113,21.83
V,2026-07-13,2026-07-24,295.0,P,0.01,0.24,0.125,52.3442,-0.014622,0.00114,-0.054194,0.02301,11,357.75,9,144,21.83
V,2026-07-13,2026-07-24,300.0,P,0.01,0.21,0.11,47.4126,-0.014127,0.001221,-0.047607,0.022337,11,357.75,8,100,21.83
V,2026-07-13,2026-07-24,305.0,P,0.01,0.22,0.115,43.8482,-0.015838,0.001457,-0.048522,0.024643,11,357.75,3,108,21.83
V,2026-07-13,2026-07-24,310.0,P,0.01,0.28,0.145,41.651,-0.021025,0.001953,-0.058604,0.031371,11,357.75,3,80,21.83
V,2026-07-13,2026-07-24,312.5,P,0.01,0.3,0.155,40.1373,-0.0232,0.002202,-0.061322,0.034089,11,357.75,1,8,21.83
V,2026-07-13,2026-07-24,315.0,P,0.05,0.32,0.185,38.5992,-0.02562,0.002489,-0.064045,0.03705,11,357.75,14,194,21.83
V,2026-07-13,2026-07-24,320.0,P,0.15,0.32,0.235,34.571,-0.028272,0.003017,-0.062154,0.040226,11,357.75,97,222,21.83
V,2026-07-13,2026-07-24,322.5,P,0.1,0.4,0.25,34.0094,-0.035498,0.003701,-0.073722,0.048548,11,357.75,0,8,21.83
V,2026-07-13,2026-07-24,325.0,P,0.2,0.45,0.325,32.7155,-0.041048,0.004331,-0.079739,0.054654,11,357.75,7,355,21.83
V,2026-07-13,2026-07-24,327.5,P,0.13,0.46,0.295,30.7624,-0.044372,0.004906,-0.079731,0.058206,11,357.75,4,9,21.83
V,2026-07-13,2026-07-24,330.0,P,0.3,0.6,0.45,30.3962,-0.057305,0.006087,-0.096453,0.07136,11,357.75,26,135,21.83
V,2026-07-13,2026-07-24,332.5,P,0.24,0.71,0.475,29.3464,-0.068871,0.007275,-0.107275,0.08235,11,357.75,3,6,21.83
V,2026-07-13,2026-07-24,335.0,P,0.36,0.88,0.62,28.6384,-0.085494,0.008787,-0.123154,0.097062,11,357.75,47,163,21.83
V,2026-07-13,2026-07-24,337.5,P,0.61,1.08,0.845,27.845,-0.105132,0.010524,-0.139131,0.113033,11,357.75,11,24,21.83
V,2026-07-13,2026-07-24,340.0,P,0.69,1.35,1.02,27.2102,-0.130355,0.012542,-0.157925,0.131629,11,357.75,1034,240,21.83
V,2026-07-13,2026-07-24,342.5,P,1.06,1.69,1.375,26.6243,-0.161104,0.014781,-0.177662,0.15179,11,357.75,30,17,21.83
V,2026-07-13,2026-07-24,345.0,P,1.34,2.12,1.73,26.1116,-0.198211,0.017171,-0.197823,0.172933,11,357.75,231,56,21.83
V,2026-07-13,2026-07-24,347.5,P,1.92,2.7,2.31,25.8674,-0.243584,0.019507,-0.2197,0.194628,11,357.75,2,11,21.83
V,2026-07-13,2026-07-24,350.0,P,2.61,3.45,3.03,25.8491,-0.29614,0.021531,-0.241089,0.214666,11,357.75,39,61,21.83
V,2026-07-13,2026-07-24,352.5,P,3.35,4.3,3.825,25.6782,-0.352294,0.023281,-0.255864,0.230582,11,357.75,1,5,21.83
V,2026-07-13,2026-07-24,355.0,P,4.3,4.9,4.6,23.9693,-0.407782,0.02608,-0.247342,0.241116,11,357.75,4,44,21.83
V,2026-07-13,2026-07-24,357.5,P,5.45,6.4,5.925,25.2266,-0.474679,0.025412,-0.265581,0.247266,11,357.75,6,15,21.83
V,2026-07-13,2026-07-24,360.0,P,6.55,7.7,7.125,25.0984,-0.538368,0.025475,-0.260944,0.246618,11,357.75,3,21,21.83
V,2026-07-13,2026-07-24,365.0,P,9.55,10.85,10.2,25.2571,-0.659107,0.023382,-0.236376,0.227789,11,357.75,0,1,21.83
V,2026-07-13,2026-07-24,370.0,P,13.35,14.95,14.15,27.491,-0.744756,0.018817,-0.220643,0.199527,11,357.75,0,1,21.83
V,2026-07-13,2026-07-24,375.0,P,17.5,19.3,18.4,29.5661,-0.807831,0.014882,-0.196644,0.16971,11,357.75,16,15,21.83
V,2026-07-13,2026-07-24,420.0,P,61.3,64.0,62.65,64.3558,-0.914652,0.003905,-0.243684,0.096937,11,357.75,0,0,21.83
V,2026-07-13,2026-07-31,230.0,C,126.2,129.8,128.0,86.6212,0.991853,0.000324,-0.065709,0.017696,18,357.75,0,1,21.83
V,2026-07-13,2026-07-31,250.0,C,106.15,109.8,107.975,70.8011,0.991097,0.000428,-0.062763,0.019128,18,357.75,23,23,21.83
V,2026-07-13,2026-07-31,260.0,C,96.2,99.85,98.025,65.723,0.988465,0.000578,-0.069836,0.023977,18,357.75,1,1,21.83
V,2026-07-13,2026-07-31,270.0,C,86.95,89.8,88.375,67.2611,0.97564,0.00107,-0.111469,0.045433,18,357.75,2,1,21.83
V,2026-07-13,2026-07-31,275.0,C,82.0,84.8,83.4,63.9652,0.97356,0.001205,-0.113474,0.04866,18,357.75,2,1,21.83
V,2026-07-13,2026-07-31,290.0,C,67.1,69.9,68.5,54.4438,0.965022,0.001786,-0.121013,0.061356,18,357.75,40,32,21.83
V,2026-07-13,2026-07-31,300.0,C,57.25,59.95,58.6,60.7548,0.917121,0.003163,-0.23207,0.1213,18,357.75,1,1,21.83
V,2026-07-13,2026-07-31,305.0,C,52.35,55.05,53.7,57.1415,0.909073,0.003604,-0.233907,0.129998,18,357.75,2,5,21.83
V,2026-07-13,2026-07-31,310.0,C,47.45,49.8,48.625,51.0869,0.90918,0.004028,-0.212418,0.129884,18,357.75,2,17,21.83
V,2026-07-13,2026-07-31,315.0,C,42.6,45.4,44.0,50.6231,0.885821,0.004802,-0.243443,0.153422,18,357.75,6,32,21.83
V,2026-07-13,2026-07-31,320.0,C,37.85,40.1,38.975,44.4097,0.884674,0.005513,-0.21881,0.154516,18,357.75,2,20,21.83
V,2026-07-13,2026-07-31,325.0,C,33.2,35.15,34.175,40.3082,0.872414,0.006521,-0.214,0.165892,18,357.75,2,51,21.83
V,2026-07-13,2026-07-31,330.0,C,28.65,30.65,29.65,38.3795,0.844119,0.007844,-0.230262,0.190018,18,357.75,31,37,21.83
V,2026-07-13,2026-07-31,335.0,C,24.25,26.1,25.175,35.7001,0.813695,0.009453,-0.238255,0.21299,18,357.75,3,179,21.83
V,2026-07-13,2026-07-31,340.0,C,20.3,22.0,21.15,34.3451,0.767139,0.011205,-0.257498,0.242904,18,357.75,3,142,21.83
V,2026-07-13,2026-07-31,345.0,C,16.55,18.35,17.45,33.7714,0.707434,0.012811,-0.280119,0.273066,18,357.75,31,372,21.83
V,2026-07-13,2026-07-31,350.0,C,13.3,14.95,14.125,33.0024,0.640788,0.014258,-0.29414,0.296995,18,357.75,23,228,21.83
V,2026-07-13,2026-07-31,355.0,C,10.35,11.65,11.0,31.5009,0.568111,0.015708,-0.292841,0.312311,18,357.75,30,901,21.83
V,2026-07-13,2026-07-31,360.0,C,7.85,9.25,8.55,31.6474,0.488867,0.015861,-0.295429,0.316818,18,357.75,79,583,21.83
V,2026-07-13,2026-07-31,365.0,C,5.8,7.1,6.45,31.385,0.410354,0.015594,-0.283576,0.308906,18,357.75,32,402,21.83
V,2026-07-13,2026-07-31,370.0,C,4.1,5.25,4.675,30.8906,0.333705,0.014822,-0.259636,0.288991,18,357.75,32,124,21.83
V,2026-07-13,2026-07-31,375.0,C,2.85,3.7,3.275,30.1704,0.26046,0.013545,-0.225306,0.257929,18,357.75,86,318,21.83
V,2026-07-13,2026-07-31,380.0,C,2.2,2.7,2.45,30.3474,0.202048,0.011683,-0.195756,0.22378,18,357.75,363,318,21.83
V,2026-07-13,2026-07-31,385.0,C,1.22,1.97,1.595,30.677,0.15469,0.009764,-0.166561,0.189059,18,357.75,20,31,21.83
V,2026-07-13,2026-07-31,390.0,C,0.7,1.48,1.09,31.3605,0.119369,0.007999,-0.142145,0.158334,18,357.75,10,216,21.83
V,2026-07-13,2026-07-31,395.0,C,0.45,1.14,0.795,32.2517,0.093166,0.006502,-0.121872,0.13236,18,357.75,9,14,21.83
V,2026-07-13,2026-07-31,400.0,C,0.15,0.88,0.515,33.1061,0.07261,0.00525,-0.10346,0.10971,18,357.75,11,89,21.83
V,2026-07-13,2026-07-31,405.0,C,0.16,0.68,0.42,33.924,0.056528,0.004218,-0.087101,0.090308,18,357.75,6,8,21.83
V,2026-07-13,2026-07-31,410.0,C,0.01,0.57,0.29,35.2546,0.046612,0.003481,-0.07751,0.077464,18,357.75,3,9,21.83
V,2026-07-13,2026-07-31,415.0,C,0.01,0.44,0.225,35.9381,0.036161,0.00278,-0.064225,0.063053,18,357.75,21,32,21.83
V,2026-07-13,2026-07-31,420.0,C,0.01,0.27,0.14,35.3034,0.023652,0.001989,-0.044302,0.04432,18,357.75,65,84,21.83
V,2026-07-13,2026-07-31,425.0,C,0.01,0.37,0.19,39.3805,0.028393,0.002078,-0.057493,0.05164,18,357.75,6,24,21.83
V,2026-07-13,2026-07-31,430.0,C,0.07,0.41,0.24,42.2857,0.029219,0.001982,-0.06315,0.052886,18,357.75,189,29,21.83
V,2026-07-13,2026-07-31,435.0,C,0.01,0.3,0.155,42.2857,0.021926,0.001558,-0.049612,0.041578,18,357.75,70,39,21.83
V,2026-07-13,2026-07-31,440.0,C,0.01,0.35,0.18,45.3863,0.023597,0.001544,-0.056597,0.044233,18,357.75,2,21,21.83
V,2026-07-13,2026-07-31,445.0,C,0.01,0.29,0.15,46.0943,0.019561,0.001297,-0.049021,0.037748,18,357.75,104,10,21.83
V,2026-07-13,2026-07-31,190.0,P,0.01,0.03,0.02,92.1876,-0.000681,3.2e-05,-0.004786,0.001879,18,357.75,264,518,21.83
V,2026-07-13,2026-07-31,195.0,P,0.0,0.02,0.01,83.5939,-0.000374,2e-05,-0.002488,0.001078,18,357.75,61,851,21.83
V,2026-07-13,2026-07-31,200.0,P,0.0,0.17,0.085,97.6563,-0.002568,0.000102,-0.017036,0.006317,18,357.75,19,646,21.83
V,2026-07-13,2026-07-31,205.0,P,0.0,0.3,0.15,100.1958,-0.00437,0.000161,-0.028183,0.010188,18,357.75,4,163,21.83
V,2026-07-13,2026-07-31,210.0,P,0.0,0.34,0.17,97.6563,-0.005035,0.000188,-0.03116,0.01156,18,357.75,561,387,21.83
V,2026-07-13,2026-07-31,215.0,P,0.0,0.05,0.025,76.5627,-0.000998,5.5e-05,-0.005643,0.002671,18,357.75,76,441,21.83
V,2026-07-13,2026-07-31,220.0,P,0.01,0.34,0.175,90.2345,-0.00561,0.000223,-0.031681,0.012727,18,357.75,45,804,21.83
V,2026-07-13,2026-07-31,225.0,P,0.01,0.35,0.18,86.7189,-0.00597,0.000246,-0.032164,0.013449,18,357.75,13,281,21.83
V,2026-07-13,2026-07-31,230.0,P,0.01,0.35,0.18,83.008,-0.006234,0.000267,-0.031979,0.013974,18,357.75,92,682,21.83
V,2026-07-13,2026-07-31,235.0,P,0.01,0.34,0.175,79.1018,-0.006375,0.000285,-0.031071,0.014253,18,357.75,46,466,21.83
V,2026-07-13,2026-07-31,240.0,P,0.0,0.33,0.165,74.9026,-0.006313,0.000299,-0.029156,0.01413,18,357.75,12,561,21.83
V,2026-07-13,2026-07-31,245.0,P,0.02,0.36,0.19,72.7542,-0.007439,0.000356,-0.032724,0.016334,18,357.75,213,814,21.83
V,2026-07-13,2026-07-31,250.0,P,0.01,0.37,0.19,69.2386,-0.007769,0.000388,-0.032341,0.016971,18,357.75,82,141,21.83
V,2026-07-13,2026-07-31,255.0,P,0.01,0.35,0.18,65.43,-0.007858,0.000415,-0.030854,0.017142,18,357.75,9,417,21.83
V,2026-07-13,2026-07-31,260.0,P,0.01,0.35,0.18,62.0121,-0.008203,0.000455,-0.03035,0.017801,18,357.75,3,144,21.83
V,2026-07-13,2026-07-31,265.0,P,0.01,0.38,0.195,59.3754,-0.009239,0.000527,-0.032236,0.019759,18,357.75,2,28,21.83
V,2026-07-13,2026-07-31,270.0,P,0.05,0.4,0.225,57.227,-0.010942,0.000634,-0.035987,0.022901,18,357.75,6,153,21.83
V,2026-07-13,2026-07-31,275.0,P,0.04,0.41,0.225,53.9555,-0.011581,0.000707,-0.035619,0.02406,18,357.75,5,118,21.83
V,2026-07-13,2026-07-31,280.0,P,0.01,0.43,0.22,50.5376,-0.012037,0.00078,-0.034471,0.024881,18,357.75,2,222,21.83
V,2026-07-13,2026-07-31,285.0,P,0.03,0.45,0.24,53.0278,-0.022477,0.001269,-0.061682,0.042458,18,357.75,3,36,21.83
V,2026-07-13,2026-07-31,290.0,P,0.01,0.48,0.245,50.147,-0.025143,0.001474,-0.064029,0.046654,18,357.75,7,59,21.83
V,2026-07-13,2026-07-31,295.0,P,0.01,0.52,0.265,47.3638,-0.028477,0.001732,-0.067023,0.051767,18,357.75,6,166,21.83
V,2026-07-13,2026-07-31,300.0,P,0.05,0.59,0.32,44.9713,-0.033536,0.002088,-0.072763,0.059269,18,357.75,4,106,21.83
V,2026-07-13,2026-07-31,305.0,P,0.21,0.68,0.445,42.6519,-0.039976,0.002542,-0.079553,0.068427,18,357.75,16,148,21.83
V,2026-07-13,2026-07-31,310.0,P,0.33,0.8,0.565,40.4791,-0.048547,0.003132,-0.088144,0.080029,18,357.75,10,79,21.83
V,2026-07-13,2026-07-31,315.0,P,0.28,0.97,0.625,38.5016,-0.060249,0.003907,-0.099258,0.094945,18,357.75,20,168,21.83
V,2026-07-13,2026-07-31,320.0,P,0.47,1.09,0.78,35.7795,-0.071278,0.00479,-0.104802,0.108164,18,357.75,11,232,21.83
V,2026-07-13,2026-07-31,325.0,P,0.95,1.63,1.29,35.7184,-0.101466,0.006251,-0.135959,0.140913,18,357.75,10,83,21.83
V,2026-07-13,2026-07-31,330.0,P,1.25,2.11,1.68,34.3146,-0.130975,0.0078,-0.15605,0.168933,18,357.75,50,558,21.83
V,2026-07-13,2026-07-31,335.0,P,1.84,2.88,2.36,33.6005,-0.172968,0.009585,-0.183145,0.203276,18,357.75,13,126,21.83
V,2026-07-13,2026-07-31,340.0,P,2.72,3.6,3.16,31.7756,-0.216958,0.011635,-0.197713,0.233355,18,357.75,62,98,21.83
V,2026-07-13,2026-07-31,345.0,P,3.8,4.75,4.275,30.7746,-0.276897,0.013694,-0.216817,0.265984,18,357.75,17,42,21.83
V,2026-07-13,2026-07-31,350.0,P,5.4,6.55,5.975,30.8967,-0.35186,0.015119,-0.239561,0.294831,18,357.75,27,61,21.83
V,2026-07-13,2026-07-31,355.0,P,7.35,8.55,7.95,30.4206,-0.430454,0.016256,-0.247197,0.312114,18,357.75,13,23,21.83
V,2026-07-13,2026-07-31,360.0,P,9.8,11.05,10.425,30.268,-0.51289,0.016582,-0.246533,0.316776,18,357.75,2,11,21.83
V,2026-07-13,2026-07-31,365.0,P,12.75,13.95,13.35,30.1277,-0.594425,0.016199,-0.234701,0.308022,18,357.75,0,4,21.83
V,2026-07-13,2026-07-31,390.0,P,32.1,34.45,33.275,35.4071,-0.849671,0.008301,-0.147966,0.185505,18,357.75,0,3,21.83
V,2026-07-13,2026-08-07,260.0,C,97.1,100.05,98.575,67.2611,0.972291,0.001011,-0.105626,0.059636,25,357.75,4,23,21.83
V,2026-07-13,2026-08-07,300.0,C,57.55,60.45,59.0,55.0053,0.905354,0.003273,-0.200468,0.157813,25,357.75,40,41,21.83
V,2026-07-13,2026-08-07,315.0,C,43.05,45.15,44.1,41.9684,0.891922,0.004725,-0.173836,0.173836,25,357.75,0,14,21.83
V,2026-07-13,2026-08-07,325.0,C,33.75,36.15,34.95,38.9166,0.845816,0.006517,-0.200206,0.222326,25,357.75,1,8,21.83
V,2026-07-13,2026-08-07,330.0,C,29.3,32.05,30.675,38.3124,0.810803,0.007545,-0.220482,0.253411,25,357.75,1,11,21.83
V,2026-07-13,2026-08-07,335.0,C,25.05,27.8,26.425,36.5729,0.776667,0.008722,-0.230025,0.279617,25,357.75,20,17,21.83
V,2026-07-13,2026-08-07,340.0,C,21.1,23.25,22.175,33.4113,0.743733,0.010292,-0.22618,0.301426,25,357.75,4,225,21.83
V,2026-07-13,2026-08-07,345.0,C,17.7,19.9,18.8,33.4357,0.687101,0.011315,-0.244815,0.331646,25,357.75,287,393,21.83
V,2026-07-13,2026-08-07,350.0,C,14.2,15.85,15.025,30.6953,0.634796,0.013081,-0.237632,0.35199,25,357.75,9,143,21.83
V,2026-07-13,2026-08-07,355.0,C,11.3,13.4,12.35,31.562,0.565777,0.013316,-0.251848,0.368431,25,357.75,30,63,21.83
V,2026-07-13,2026-08-07,360.0,C,8.8,10.8,9.8,31.1256,0.498049,0.013689,-0.249593,0.373515,25,357.75,58,195,21.83
V,2026-07-13,2026-08-07,365.0,C,6.6,8.55,7.575,30.7319,0.429563,0.013648,-0.2408,0.367682,25,357.75,21,228,21.83
V,2026-07-13,2026-08-07,370.0,C,5.1,6.45,5.775,29.8347,0.359626,0.013388,-0.221405,0.350151,25,357.75,64,57,21.83
V,2026-07-13,2026-08-07,375.0,C,3.55,5.0,4.275,29.8713,0.29784,0.012391,-0.204212,0.324469,25,357.75,321,381,21.83
V,2026-07-13,2026-08-07,380.0,C,2.59,3.8,3.195,29.8408,0.2417,0.01117,-0.182819,0.292182,25,357.75,10,51,21.83
V,2026-07-13,2026-08-07,385.0,C,1.72,2.89,2.305,29.9934,0.193955,0.009786,-0.161134,0.257297,25,357.75,5,61,21.83
V,2026-07-13,2026-08-07,390.0,C,1.07,2.01,1.54,29.3952,0.146792,0.00835,-0.131656,0.215167,25,357.75,1182,21,21.83
V,2026-07-13,2026-08-07,395.0,C,0.59,1.67,1.13,30.5671,0.121755,0.007062,-0.119955,0.189216,25,357.75,1,2,21.83
V,2026-07-13,2026-08-07,400.0,C,0.31,1.29,0.8,31.0554,0.096557,0.005883,-0.102869,0.160152,25,357.75,5,6,21.83
V,2026-07-13,2026-08-07,410.0,C,0.02,0.82,0.42,32.4592,0.062734,0.004059,-0.07718,0.115483,25,357.75,18,9,21.83
V,2026-07-13,2026-08-07,415.0,C,0.02,0.7,0.36,33.57,0.05298,0.003436,-0.069753,0.101112,25,357.75,20,7,21.83
V,2026-07-13,2026-08-07,420.0,C,0.01,0.62,0.315,34.8395,0.045917,0.002953,-0.064466,0.090198,25,357.75,0,8,21.83
V,2026-07-13,2026-08-07,425.0,C,0.01,0.54,0.275,35.9381,0.039437,0.002532,-0.058715,0.079757,25,357.75,0,9,21.83
V,2026-07-13,2026-08-07,430.0,C,0.01,0.5,0.255,37.3786,0.035505,0.002234,-0.055972,0.073202,25,357.75,20,8,21.83
V,2026-07-13,2026-08-07,435.0,C,0.01,0.47,0.24,38.8678,0.032442,0.001995,-0.053973,0.067965,25,357.75,18,25,21.83
V,2026-07-13,2026-08-07,440.0,C,0.01,0.42,0.215,39.942,0.028522,0.001745,-0.049802,0.061088,25,357.75,10,24,21.83
V,2026-07-13,2026-08-07,445.0,C,0.01,0.44,0.225,42.0416,0.028372,0.00165,-0.052135,0.060821,25,357.75,26,108,21.83
V,2026-07-13,2026-08-07,190.0,P,0.0,0.03,0.015,76.5627,-0.000536,2.6e-05,-0.002695,0.001774,25,357.75,52,864,21.83
V,2026-07-13,2026-08-07,195.0,P,0.01,0.39,0.2,95.8985,-0.005332,0.000171,-0.027282,0.014335,25,357.75,133,627,21.83
V,2026-07-13,2026-08-07,200.0,P,0.01,0.17,0.09,84.1798,-0.002879,0.000112,-0.013782,0.008253,25,357.75,132,1006,21.83
V,2026-07-13,2026-08-07,205.0,P,0.02,0.1,0.06,77.344,-0.002087,9.1e-05,-0.009464,0.00617,25,357.75,130,2167,21.83
V,2026-07-13,2026-08-07,210.0,P,0.01,0.18,0.095,78.0276,-0.003231,0.000134,-0.014166,0.009158,25,357.75,917,448,21.83
V,2026-07-13,2026-08-07,215.0,P,0.0,0.05,0.025,65.6253,-0.001087,5.9e-05,-0.004423,0.003402,25,357.75,350,409,21.83
V,2026-07-13,2026-08-07,220.0,P,0.0,0.4,0.2,78.4182,-0.006493,0.000248,-0.026522,0.017073,25,357.75,62,40,21.83
V,2026-07-13,2026-08-07,225.0,P,0.0,0.4,0.2,75.0979,-0.006742,0.000268,-0.026245,0.017649,25,357.75,14,69,21.83
V,2026-07-13,2026-08-07,230.0,P,0.0,0.41,0.205,72.1682,-0.007205,0.000296,-0.026734,0.018717,25,357.75,49,169,21.83
V,2026-07-13,2026-08-07,235.0,P,0.0,0.41,0.205,68.9456,-0.007479,0.00032,-0.026379,0.019341,25,357.75,47,135,21.83
V,2026-07-13,2026-08-07,240.0,P,0.01,0.34,0.175,64.5511,-0.006898,0.000318,-0.022984,0.018009,25,357.75,122,85,21.83
V,2026-07-13,2026-08-07,245.0,P,0.01,0.29,0.15,60.352,-0.006352,0.000316,-0.019965,0.016743,25,357.75,64,88,21.83
V,2026-07-13,2026-08-07,250.0,P,0.01,0.43,0.22,60.4008,-0.009081,0.000433,-0.027359,0.022937,25,357.75,37,71,21.83
V,2026-07-13,2026-08-07,255.0,P,0.01,0.42,0.215,57.227,-0.009323,0.000468,-0.026504,0.023471,25,357.75,47,14,21.83
V,2026-07-13,2026-08-07,260.0,P,0.01,0.18,0.095,53.0278,-0.008482,0.000465,-0.022588,0.021605,25,357.75,37,10,21.83
V,2026-07-13,2026-08-07,265.0,P,0.01,0.46,0.235,52.1001,-0.011073,0.000597,-0.027992,0.027271,25,357.75,30,6,21.83
V,2026-07-13,2026-08-07,270.0,P,0.01,0.48,0.245,54.9809,-0.020407,0.000957,-0.04992,0.046114,25,357.75,10,28,21.83
V,2026-07-13,2026-08-07,275.0,P,0.06,0.5,0.28,52.2466,-0.022167,0.00108,-0.050824,0.049455,25,357.75,30,8,21.83
V,2026-07-13,2026-08-07,280.0,P,0.06,0.25,0.155,44.0435,-0.013704,0.00085,-0.028372,0.032802,25,357.75,14,22,21.83
V,2026-07-13,2026-08-07,285.0,P,0.01,0.22,0.115,40.4791,-0.013105,0.000889,-0.025054,0.031561,25,357.75,32,15,21.83
V,2026-07-13,2026-08-07,290.0,P,0.01,0.59,0.3,44.483,-0.02981,0.001625,-0.055238,0.06337,25,357.75,1,8,21.83
V,2026-07-13,2026-08-07,295.0,P,0.01,0.67,0.34,42.4566,-0.034822,0.001936,-0.059844,0.072043,25,357.75,3,19,21.83
V,2026-07-13,2026-08-07,300.0,P,0.02,0.77,0.395,40.5279,-0.041199,0.002326,-0.065412,0.082641,25,357.75,1,6,21.83
V,2026-07-13,2026-08-07,305.0,P,0.04,0.87,0.455,38.4039,-0.048173,0.002784,-0.070159,0.093735,25,357.75,31,224,21.83
V,2026-07-13,2026-08-07,310.0,P,0.16,1.03,0.595,36.6217,-0.058287,0.003396,-0.077635,0.109027,25,357.75,1,104,21.83
V,2026-07-13,2026-08-07,315.0,P,0.41,1.25,0.83,35.0226,-0.071854,0.004178,-0.087104,0.128261,25,357.75,724,27,21.83
V,2026-07-13,2026-08-07,320.0,P,0.6,1.6,1.1,33.8752,-0.091601,0.005188,-0.100876,0.154045,25,357.75,44,45,21.83
V,2026-07-13,2026-08-07,325.0,P,0.99,2.07,1.53,32.8498,-0.117134,0.006394,-0.116499,0.18412,25,357.75,86,122,21.83
V,2026-07-13,2026-08-07,330.0,P,1.3,2.71,2.005,32.0075,-0.150044,0.007782,-0.134043,0.218343,25,357.75,13,52,21.83
V,2026-07-13,2026-08-07,335.0,P,2.11,3.4,2.755,30.7136,-0.186904,0.009342,-0.147354,0.251511,25,357.75,1,36,21.83
V,2026-07-13,2026-08-07,340.0,P,3.3,4.55,3.925,30.3596,-0.238127,0.01089,-0.166852,0.289819,25,357.75,37,50,21.83
V,2026-07-13,2026-08-07,345.0,P,4.5,6.1,5.3,30.3657,-0.298572,0.012203,-0.185792,0.324832,25,357.75,11,13,21.83
V,2026-07-13,2026-08-07,350.0,P,6.4,7.7,7.05,29.6028,-0.361524,0.013518,-0.193745,0.350786,25,357.75,31,13,21.83
V,2026-07-13,2026-08-07,355.0,P,8.35,9.85,9.1,29.4502,-0.431803,0.014256,-0.200063,0.368049,25,357.75,1,2,21.83
V,2026-07-13,2026-08-07,360.0,P,10.75,12.2,11.475,28.9009,-0.504513,0.014742,-0.196278,0.373496,25,357.75,6,25,21.83
V,2026-07-13,2026-08-07,365.0,P,13.4,15.05,14.225,28.7269,-0.577423,0.014552,-0.18799,0.366463,25,357.75,1,2,21.83
V,2026-07-13,2026-08-07,370.0,P,16.55,18.25,17.4,28.5682,-0.647575,0.013883,-0.173201,0.347663,25,357.75,1,1,21.83
V,2026-07-13,2026-08-14,300.0,C,57.5,60.5,59.0,49.085,0.904307,0.003268,-0.16484,0.179997,32,357.75,0,5,21.83
V,2026-07-13,2026-08-14,305.0,C,52.65,55.8,54.225,47.1319,0.891823,0.003721,-0.171748,0.196803,32,357.75,0,1,21.83
V,2026-07-13,2026-08-14,315.0,C,43.1,46.2,44.65,41.8829,0.867481,0.004832,-0.175508,0.227074,32,357.75,0,1,21.83
V,2026-07-13,2026-08-14,330.0,C,29.55,32.55,31.05,35.6452,0.80199,0.00737,-0.190089,0.294774,32,357.75,1,3,21.83
V,2026-07-13,2026-08-14,335.0,C,25.45,27.9,26.675,32.7643,0.776213,0.008615,-0.187588,0.316716,32,357.75,1,8,21.83
V,2026-07-13,2026-08-14,340.0,C,21.55,24.5,23.025,33.1183,0.726183,0.009491,-0.206486,0.352698,32,357.75,2,14,21.83
V,2026-07-13,2026-08-14,345.0,C,18.0,20.15,19.075,30.3169,0.686362,0.011041,-0.200886,0.375596,32,357.75,0,1,21.83
V,2026-07-13,2026-08-14,350.0,C,14.8,16.95,15.875,29.9262,0.628679,0.011924,-0.208422,0.400411,32,357.75,279,43,21.83
V,2026-07-13,2026-08-14,355.0,C,11.95,14.05,13.0,29.5448,0.567224,0.012566,-0.211555,0.416575,32,357.75,10,42,21.83
V,2026-07-13,2026-08-14,360.0,C,9.45,11.4,10.425,29.026,0.503212,0.012975,-0.208838,0.422575,32,357.75,3,13,21.83
V,2026-07-13,2026-08-14,365.0,C,8.0,9.25,8.625,28.9436,0.439152,0.012861,-0.203958,0.417664,32,357.75,11,5,21.83
V,2026-07-13,2026-08-14,370.0,C,6.0,7.7,6.85,29.5905,0.380882,0.012156,-0.199717,0.403609,32,357.75,43,11,21.83
V,2026-07-13,2026-08-14,375.0,C,4.15,5.5,4.825,27.8633,0.312091,0.011988,-0.173996,0.374797,32,357.75,10,58,21.83
V,2026-07-13,2026-08-14,380.0,C,2.95,4.7,3.825,29.1267,0.268089,0.010679,-0.168133,0.348998,32,357.75,1,111,21.83
V,2026-07-13,2026-08-14,385.0,C,2.06,3.5,2.78,28.6445,0.21635,0.009665,-0.146569,0.310634,32,357.75,45,4,21.83
V,2026-07-13,2026-08-14,390.0,C,1.49,2.86,2.175,29.3403,0.180761,0.008465,-0.134069,0.27869,32,357.75,2,8,21.83
V,2026-07-13,2026-08-14,400.0,C,0.7,1.6,1.15,29.1755,0.112912,0.006199,-0.096473,0.202941,32,357.75,7,2,21.83
V,2026-07-13,2026-08-14,410.0,C,0.1,1.08,0.59,30.6281,0.077539,0.004475,-0.076321,0.153793,32,357.75,0,1,21.83
V,2026-07-13,2026-08-14,415.0,C,0.03,0.9,0.465,31.385,0.06479,0.003804,-0.067973,0.133972,32,357.75,0,7,21.83
V,2026-07-13,2026-08-14,420.0,C,0.02,0.82,0.42,32.6911,0.057612,0.003332,-0.064454,0.122226,32,357.75,26,6,21.83
V,2026-07-13,2026-08-14,425.0,C,0.01,0.71,0.36,33.5944,0.049562,0.002878,-0.058683,0.108484,32,357.75,24,6,21.83
V,2026-07-13,2026-08-14,430.0,C,0.01,0.61,0.31,34.4001,0.042447,0.002482,-0.052973,0.095784,32,357.75,22,8,21.83
V,2026-07-13,2026-08-14,435.0,C,0.01,0.57,0.29,35.6696,0.038579,0.002215,-0.050752,0.088635,32,357.75,22,35,21.83
V,2026-07-13,2026-08-14,440.0,C,0.01,0.54,0.275,36.9879,0.035542,0.001997,-0.049149,0.082889,32,357.75,31,10,21.83
V,2026-07-13,2026-08-14,445.0,C,0.05,0.51,0.28,38.2575,0.032804,0.001808,-0.047535,0.077601,32,357.75,16,33,21.83
V,2026-07-13,2026-08-14,190.0,P,0.01,0.21,0.11,82.5197,-0.00321,0.000111,-0.013156,0.010302,32,357.75,732,90,21.83
V,2026-07-13,2026-08-14,195.0,P,0.0,0.07,0.035,70.7034,-0.001268,5.6e-05,-0.004849,0.004434,32,357.75,787,284,21.83
V,2026-07-13,2026-08-14,200.0,P,0.01,0.44,0.225,83.1056,-0.006218,0.000199,-0.023892,0.018589,32,357.75,1109,131,21.83
V,2026-07-13,2026-08-14,205.0,P,0.01,0.27,0.14,75.3909,-0.004388,0.000161,-0.015886,0.013632,32,357.75,285,160,21.83
V,2026-07-13,2026-08-14,210.0,P,0.01,0.45,0.23,76.9534,-0.006826,0.000234,-0.024005,0.020188,32,357.75,160,70,21.83
V,2026-07-13,2026-08-14,215.0,P,0.01,0.43,0.22,73.4378,-0.006841,0.000245,-0.022943,0.020228,32,357.75,84,78,21.83
V,2026-07-13,2026-08-14,220.0,P,0.0,0.46,0.23,70.8987,-0.007413,0.000273,-0.023761,0.021712,32,357.75,510,115,21.83
V,2026-07-13,2026-08-14,225.0,P,0.0,0.1,0.05,57.0317,-0.002186,0.000114,-0.006405,0.007281,32,357.75,108,58,21.83
V,2026-07-13,2026-08-14,230.0,P,0.01,0.47,0.24,65.3812,-0.008297,0.000327,-0.024167,0.023974,32,357.75,67,101,21.83
V,2026-07-13,2026-08-14,235.0,P,0.01,0.47,0.24,62.5004,-0.008631,0.000354,-0.023902,0.02482,32,357.75,170,117,21.83
V,2026-07-13,2026-08-14,240.0,P,0.01,0.48,0.245,59.8637,-0.009157,0.000389,-0.024096,0.026141,32,357.75,10,27,21.83
V,2026-07-13,2026-08-14,245.0,P,0.01,0.49,0.25,57.2758,-0.009736,0.000429,-0.024305,0.02758,32,357.75,55,14,21.83
V,2026-07-13,2026-08-14,250.0,P,0.02,0.12,0.07,49.6099,-0.005616,0.000305,-0.01295,0.016984,32,357.75,52,4,21.83
V,2026-07-13,2026-08-14,255.0,P,0.01,0.51,0.26,52.1489,-0.01098,0.000523,-0.024534,0.030629,32,357.75,32,11,21.83
V,2026-07-13,2026-08-14,260.0,P,0.05,0.52,0.285,50.1958,-0.012427,0.000606,-0.026269,0.034104,32,357.75,16,3,21.83
V,2026-07-13,2026-08-14,265.0,P,0.01,0.54,0.275,52.5884,-0.021374,0.000919,-0.043754,0.054256,32,357.75,26,10,21.83
V,2026-07-13,2026-08-14,270.0,P,0.01,0.55,0.28,49.9273,-0.02277,0.001022,-0.043768,0.057233,32,357.75,10,1,21.83
V,2026-07-13,2026-08-14,275.0,P,0.01,0.59,0.3,47.73,-0.02528,0.001167,-0.045629,0.06249,32,357.75,8,2,21.83
V,2026-07-13,2026-08-14,280.0,P,0.01,0.63,0.32,45.4839,-0.027994,0.001333,-0.047281,0.068046,32,357.75,3,1,21.83
V,2026-07-13,2026-08-14,285.0,P,0.01,0.62,0.315,42.5787,-0.029229,0.001476,-0.045804,0.070534,32,357.75,6,14,21.83
V,2026-07-13,2026-08-14,290.0,P,0.14,0.78,0.46,41.651,-0.036679,0.00182,-0.053944,0.085054,32,357.75,2,18,21.83
V,2026-07-13,2026-08-14,300.0,P,0.04,0.95,0.495,37.5983,-0.047814,0.002499,-0.060097,0.105415,32,357.75,307,71,21.83
V,2026-07-13,2026-08-14,305.0,P,0.5,1.01,0.755,35.2301,-0.0534,0.002912,-0.061327,0.115115,32,357.75,34,10,21.83
V,2026-07-13,2026-08-14,310.0,P,0.62,1.02,0.82,32.4348,-0.057768,0.003366,-0.059874,0.122486,32,357.75,170,10,21.83
V,2026-07-13,2026-08-14,315.0,P,0.5,1.2,0.85,30.7624,-0.069624,0.004103,-0.06543,0.141639,32,357.75,2,6,21.83
V,2026-07-13,2026-08-14,320.0,P,0.88,1.94,1.41,31.7878,-0.102655,0.005312,-0.090188,0.189484,32,357.75,2,40,21.83
V,2026-07-13,2026-08-14,325.0,P,1.07,2.62,1.845,31.507,-0.133322,0.00645,-0.107144,0.22802,32,357.75,3,38,21.83
V,2026-07-13,2026-08-14,330.0,P,1.95,3.1,2.525,29.8591,-0.160007,0.007693,-0.114119,0.257741,32,357.75,7,7,21.83
V,2026-07-13,2026-08-14,335.0,P,2.49,4.05,3.27,29.3708,-0.201413,0.009037,-0.128939,0.297812,32,357.75,4,24,21.83
V,2026-07-13,2026-08-14,340.0,P,3.85,5.3,4.575,29.1023,-0.250926,0.010329,-0.143704,0.337273,32,357.75,3,9,21.83
V,2026-07-13,2026-08-14,345.0,P,5.2,6.95,6.075,29.1664,-0.308099,0.011388,-0.157939,0.372701,32,357.75,11,5,21.83
V,2026-07-13,2026-08-14,350.0,P,6.95,8.75,7.85,28.8398,-0.36789,0.012336,-0.165618,0.399201,32,357.75,1,3,21.83
V,2026-07-13,2026-08-14,355.0,P,9.15,10.9,10.025,28.6109,-0.431708,0.01297,-0.169329,0.416382,32,357.75,1,1,21.83
V,2026-07-13,2026-08-14,360.0,P,11.45,13.4,12.425,28.4492,-0.497411,0.013238,-0.168385,0.42258,32,357.75,1,1,21.83
V,2026-07-13,2026-08-21,200.0,C,156.2,160.0,158.1,79.9807,0.991112,0.000257,-0.048819,0.028114,39,357.75,1,7,21.83
V,2026-07-13,2026-08-21,215.0,C,141.25,144.9,143.075,70.2151,0.99063,0.000307,-0.048007,0.029445,39,357.75,1,0,21.83
V,2026-07-13,2026-08-21,220.0,C,136.25,139.8,138.025,65.8207,0.991481,0.000301,-0.044903,0.027087,39,357.75,0,1,21.83
V,2026-07-13,2026-08-21,225.0,C,131.3,134.85,133.075,64.6,0.989844,0.000358,-0.048653,0.031591,39,357.75,1,1,21.83
V,2026-07-13,2026-08-21,235.0,C,121.35,124.9,123.125,60.4008,0.987693,0.000452,-0.052334,0.037333,39,357.75,1,1,21.83
V,2026-07-13,2026-08-21,255.0,C,102.15,105.1,103.625,57.6176,0.972125,0.00095,-0.080139,0.074856,39,357.75,0,3,21.83
V,2026-07-13,2026-08-21,265.0,C,92.25,95.1,93.675,52.5884,0.968197,0.001161,-0.082015,0.083507,39,357.75,1,2,21.83
V,2026-07-13,2026-08-21,270.0,C,87.3,90.2,88.75,50.6108,0.964684,0.001315,-0.085152,0.091029,39,357.75,144,144,21.83
V,2026-07-13,2026-08-21,275.0,C,82.35,85.25,83.8,58.8993,0.931004,0.001928,-0.142476,0.155277,39,357.75,2,17,21.83
V,2026-07-13,2026-08-21,280.0,C,77.4,80.25,78.825,55.7377,0.927569,0.002115,-0.140787,0.161183,39,357.75,1,9,21.83
V,2026-07-13,2026-08-21,285.0,C,72.45,75.35,73.9,53.1621,0.921917,0.002348,-0.142235,0.170688,39,357.75,3,109,21.83
V,2026-07-13,2026-08-21,290.0,C,67.55,69.65,68.6,46.1065,0.932525,0.002421,-0.117083,0.152628,39,357.75,11,21,21.83
V,2026-07-13,2026-08-21,295.0,C,62.65,64.8,63.725,44.0191,0.925061,0.002748,-0.120447,0.165433,39,357.75,2,75,21.83
V,2026-07-13,2026-08-21,300.0,C,57.8,60.1,58.95,42.6275,0.913358,0.003167,-0.128021,0.184595,39,357.75,1,61,21.83
V,2026-07-13,2026-08-21,305.0,C,53.05,55.1,54.075,39.6185,0.907796,0.003569,-0.125647,0.193339,39,357.75,2,30,21.83
V,2026-07-13,2026-08-21,310.0,C,48.3,50.15,49.225,36.8415,0.900238,0.004066,-0.124439,0.204871,39,357.75,1,97,21.83
V,2026-07-13,2026-08-21,315.0,C,43.6,45.65,44.625,35.9015,0.880411,0.004753,-0.134822,0.233363,39,357.75,4,285,21.83
V,2026-07-13,2026-08-21,320.0,C,39.0,41.1,40.05,34.4428,0.860406,0.005515,-0.141853,0.259769,39,357.75,6,388,21.83
V,2026-07-13,2026-08-21,325.0,C,34.6,36.45,35.525,32.3798,0.840776,0.006405,-0.144646,0.283627,39,357.75,3,327,21.83
V,2026-07-13,2026-08-21,330.0,C,30.35,32.2,31.275,31.3361,0.810126,0.007402,-0.153659,0.317207,39,357.75,13,646,21.83
V,2026-07-13,2026-08-21,335.0,C,26.3,28.1,27.2,30.3047,0.774281,0.008478,-0.161844,0.351354,39,357.75,7,467,21.83
V,2026-07-13,2026-08-21,340.0,C,22.55,24.5,23.525,30.0788,0.728158,0.009432,-0.173638,0.387973,39,357.75,25,1850,21.83
V,2026-07-13,2026-08-21,345.0,C,19.1,20.9,20.0,29.2793,0.68034,0.01044,-0.179561,0.418006,39,357.75,31,5039,21.83
V,2026-07-13,2026-08-21,350.0,C,16.0,17.4,16.7,28.1745,0.628207,0.011478,-0.180847,0.442223,39,357.75,77,2460,21.83
V,2026-07-13,2026-08-21,355.0,C,13.3,14.55,13.925,27.8999,0.569024,0.012044,-0.183615,0.459525,39,357.75,60,676,21.83
V,2026-07-13,2026-08-21,360.0,C,10.85,11.95,11.4,27.5276,0.507812,0.012391,-0.181897,0.466436,39,357.75,195,1058,21.83
V,2026-07-13,2026-08-21,365.0,C,8.7,9.75,9.225,27.3628,0.446285,0.012354,-0.177442,0.46229,39,357.75,91,1877,21.83
V,2026-07-13,2026-08-21,370.0,C,6.95,7.85,7.4,27.2102,0.386184,0.012024,-0.169351,0.447408,39,357.75,28,1445,21.83
V,2026-07-13,2026-08-21,375.0,C,5.35,6.25,5.8,27.1034,0.329144,0.011414,-0.158363,0.423057,39,357.75,367,2594,21.83
V,2026-07-13,2026-08-21,380.0,C,3.95,4.9,4.425,26.9783,0.275943,0.010594,-0.144746,0.390856,39,357.75,56,666,21.83
V,2026-07-13,2026-08-21,385.0,C,2.91,3.8,3.355,26.8898,0.227862,0.009606,-0.129693,0.353232,39,357.75,97,312,21.83
V,2026-07-13,2026-08-21,390.0,C,2.28,2.88,2.58,26.7158,0.184302,0.008524,-0.113089,0.311417,39,357.75,25,168,21.83
V,2026-07-13,2026-08-21,395.0,C,1.61,2.26,1.935,26.9722,0.150521,0.007409,-0.099761,0.273289,39,357.75,4,153,21.83
V,2026-07-13,2026-08-21,400.0,C,1.35,1.7,1.525,26.9416,0.119338,0.006325,-0.084664,0.233017,39,357.75,61,289,21.83
V,2026-07-13,2026-08-21,405.0,C,0.88,1.3,1.09,27.1003,0.094909,0.005329,-0.071952,0.197511,39,357.75,13,116,21.83
V,2026-07-13,2026-08-21,410.0,C,0.62,1.06,0.84,27.6985,0.07833,0.004517,-0.063507,0.171097,39,357.75,3,21,21.83
V,2026-07-13,2026-08-21,415.0,C,0.35,0.85,0.6,28.1623,0.06385,0.003797,-0.055041,0.146232,39,357.75,7,14,21.83
V,2026-07-13,2026-08-21,420.0,C,0.21,0.65,0.43,28.3454,0.05029,0.003126,-0.0458,0.121164,39,357.75,2,3,21.83
V,2026-07-13,2026-08-21,425.0,C,0.13,0.47,0.3,28.2722,0.037982,0.002499,-0.036357,0.096612,39,357.75,8,20,21.83
V,2026-07-13,2026-08-21,430.0,C,0.1,0.49,0.295,30.03,0.037187,0.002312,-0.037867,0.094959,39,357.75,24,33,21.83
V,2026-07-13,2026-08-21,435.0,C,0.05,0.52,0.285,31.8854,0.03709,0.002173,-0.040036,0.094756,39,357.75,20,101,21.83
V,2026-07-13,2026-08-21,200.0,P,0.0,0.33,0.165,72.6565,-0.004883,0.000167,-0.015228,0.016555,39,357.75,2,15,21.83
V,2026-07-13,2026-08-21,205.0,P,0.0,0.34,0.17,70.1175,-0.005212,0.000183,-0.015568,0.017547,39,357.75,1,13,21.83
V,2026-07-13,2026-08-21,210.0,P,0.0,0.23,0.115,64.2582,-0.003904,0.000154,-0.011016,0.013557,39,357.75,17,12,21.83
V,2026-07-13,2026-08-21,215.0,P,0.01,0.21,0.11,61.3285,-0.003906,0.000162,-0.01051,0.013561,39,357.75,4,31,21.83
V,2026-07-13,2026-08-21,220.0,P,0.01,0.29,0.15,61.0355,-0.005283,0.000213,-0.013691,0.01776,39,357.75,5,6,21.83
V,2026-07-13,2026-08-21,225.0,P,0.01,0.3,0.155,58.6918,-0.005641,0.000235,-0.013945,0.018824,39,357.75,8,9,21.83
V,2026-07-13,2026-08-21,230.0,P,0.01,0.1,0.055,50.0005,-0.002485,0.000132,-0.005691,0.009027,39,357.75,25,7,21.83
V,2026-07-13,2026-08-21,235.0,P,0.01,0.3,0.155,53.7114,-0.006138,0.000276,-0.013734,0.020289,39,357.75,4,26,21.83
V,2026-07-13,2026-08-21,240.0,P,0.01,0.34,0.175,52.0513,-0.00705,0.000322,-0.01503,0.022932,39,357.75,2,0,21.83
V,2026-07-13,2026-08-21,245.0,P,0.01,0.29,0.15,53.1255,-0.011016,0.000467,-0.022668,0.03391,39,357.75,2,62,21.83
V,2026-07-13,2026-08-21,250.0,P,0.1,0.38,0.24,52.686,-0.014256,0.000588,-0.028079,0.04239,39,357.75,2,78,21.83
V,2026-07-13,2026-08-21,255.0,P,0.01,0.32,0.165,48.8286,-0.013007,0.000587,-0.024014,0.039165,39,357.75,2,101,21.83
V,2026-07-13,2026-08-21,260.0,P,0.01,0.33,0.17,46.5826,-0.013964,0.000654,-0.02433,0.041641,39,357.75,2,114,21.83
V,2026-07-13,2026-08-21,265.0,P,0.03,0.37,0.2,44.9224,-0.016005,0.000762,-0.026349,0.046822,39,357.75,4,464,21.83
V,2026-07-13,2026-08-21,270.0,P,0.01,0.39,0.2,42.8473,-0.017528,0.000864,-0.027125,0.050606,39,357.75,7,168,21.83
V,2026-07-13,2026-08-21,275.0,P,0.01,0.46,0.235,41.5533,-0.020977,0.001038,-0.030601,0.058956,39,357.75,20,290,21.83
V,2026-07-13,2026-08-21,280.0,P,0.2,0.48,0.34,39.3805,-0.022809,0.001175,-0.03107,0.063274,39,357.75,2,920,21.83
V,2026-07-13,2026-08-21,285.0,P,0.27,0.46,0.365,36.6706,-0.023307,0.001285,-0.029402,0.064436,39,357.75,9,694,21.83
V,2026-07-13,2026-08-21,290.0,P,0.26,0.62,0.44,36.2067,-0.030964,0.00165,-0.03673,0.081681,39,357.75,16,505,21.83
V,2026-07-13,2026-08-21,295.0,P,0.35,0.61,0.48,33.6188,-0.032434,0.001846,-0.035342,0.084871,39,357.75,497,545,21.83
V,2026-07-13,2026-08-21,300.0,P,0.6,0.85,0.725,33.3503,-0.044006,0.002387,-0.044865,0.108867,39,357.75,22,844,21.83
V,2026-07-13,2026-08-21,305.0,P,0.71,1.04,0.875,32.2028,-0.054145,0.002918,-0.050976,0.128485,39,357.75,21,969,21.83
V,2026-07-13,2026-08-21,310.0,P,1.0,1.24,1.12,30.8601,-0.065506,0.003535,-0.056514,0.149169,39,357.75,26,844,21.83
V,2026-07-13,2026-08-21,315.0,P,1.21,1.64,1.425,30.323,-0.084771,0.004379,-0.067355,0.181603,39,357.75,13,1882,21.83
V,2026-07-13,2026-08-21,320.0,P,1.59,2.11,1.85,29.615,-0.107212,0.00533,-0.077853,0.215867,39,357.75,30,1764,21.83
V,2026-07-13,2026-08-21,325.0,P,2.2,2.69,2.445,28.8703,-0.1342,0.006405,-0.088447,0.252866,39,357.75,46,884,21.83
V,2026-07-13,2026-08-21,330.0,P,2.84,3.4,3.12,28.1013,-0.166451,0.007597,-0.098784,0.291933,39,357.75,96,4665,21.83
V,2026-07-13,2026-08-21,335.0,P,3.65,4.5,4.075,27.9609,-0.2095,0.008802,-0.112576,0.336553,39,357.75,73,423,21.83
V,2026-07-13,2026-08-21,340.0,P,4.9,5.65,5.275,27.3292,-0.254978,0.010047,-0.121723,0.375491,39,357.75,122,356,21.83
V,2026-07-13,2026-08-21,345.0,P,6.15,7.35,6.75,27.4299,-0.310654,0.011009,-0.133178,0.412938,39,357.75,40,379,21.83
V,2026-07-13,2026-08-21,350.0,P,8.0,8.95,8.475,26.6365,-0.366618,0.012085,-0.136089,0.440202,39,357.75,23,276,21.83
V,2026-07-13,2026-08-21,355.0,P,10.1,11.55,10.825,27.375,-0.430346,0.012272,-0.144411,0.459397,39,357.75,31,206,21.83
V,2026-07-13,2026-08-21,360.0,P,12.55,13.85,13.2,26.7952,-0.492943,0.01273,-0.140907,0.466453,39,357.75,36,631,21.83
V,2026-07-13,2026-08-21,365.0,P,15.3,16.9,16.1,27.1553,-0.554392,0.012446,-0.139028,0.462183,39,357.75,6,37,21.83
V,2026-07-13,2026-08-21,370.0,P,18.45,19.95,19.2,26.8837,-0.61557,0.012154,-0.129582,0.44681,39,357.75,60,62,21.83
V,2026-07-13,2026-08-21,375.0,P,21.6,23.4,22.5,26.8745,-0.672489,0.011488,-0.11863,0.422209,39,357.75,1,18,21.83
V,2026-07-13,2026-08-21,380.0,P,25.25,27.45,26.35,27.7595,-0.717583,0.010413,-0.111785,0.395287,39,357.75,1,1,21.83
V,2026-07-13,2026-08-28,345.0,C,19.1,22.05,20.575,29.4532,0.671583,0.009663,-0.169161,0.459049,46,357.75,0,1,21.83
V,2026-07-13,2026-08-28,355.0,C,13.5,15.95,14.725,28.495,0.568795,0.010859,-0.173672,0.499114,46,357.75,2,2,21.83
V,2026-07-13,2026-08-28,365.0,C,8.9,11.05,9.975,27.8144,0.457699,0.01123,-0.167859,0.503816,46,357.75,7,1,21.83
V,2026-07-13,2026-08-28,375.0,C,5.85,8.5,7.175,29.8255,0.364129,0.009915,-0.167031,0.47699,46,357.75,3,1,21.83
V,2026-07-13,2026-08-28,380.0,C,4.65,6.05,5.35,27.5642,0.30165,0.009957,-0.143,0.442672,46,357.75,4,1,21.83
V,2026-07-13,2026-08-28,385.0,C,2.84,4.8,3.82,27.3689,0.255074,0.00924,-0.130141,0.407879,46,357.75,2,1,21.83
V,2026-07-13,2026-08-28,445.0,C,0.01,0.78,0.395,34.5588,0.046554,0.002219,-0.048089,0.123711,46,357.75,4,3,21.83
V,2026-07-13,2026-08-28,195.0,P,0.02,0.72,0.37,77.344,-0.009027,0.000248,-0.025658,0.030952,46,357.75,1020,3,21.83
V,2026-07-13,2026-08-28,200.0,P,0.02,0.26,0.14,65.723,-0.00428,0.000151,-0.01125,0.015984,46,357.75,1964,2,21.83
V,2026-07-13,2026-08-28,205.0,P,0.01,0.27,0.14,63.184,-0.004454,0.000163,-0.011202,0.016566,46,357.75,942,1,21.83
V,2026-07-13,2026-08-28,300.0,P,0.2,2.21,1.205,38.6847,-0.083054,0.003113,-0.07843,0.194219,46,357.75,0,3,21.83
V,2026-07-13,2026-09-18,170.0,C,161.0,163.9,162.45,0.001,1.0,0.0,-0.017245,0.0,67,357.75,1,12,21.83
V,2026-07-13,2026-09-18,175.0,C,145.4,148.85,147.125,0.001,1.0,0.0,-0.017752,0.0,67,357.75,0,1,21.83
V,2026-07-13,2026-09-18,185.0,C,171.3,175.05,173.175,70.6546,0.990677,0.000231,-0.038648,0.038425,67,357.75,0,2,21.83
V,2026-07-13,2026-09-18,200.0,C,156.5,160.15,158.325,65.9671,0.986894,0.000333,-0.045195,0.051672,67,357.75,1,8,21.83
V,2026-07-13,2026-09-18,210.0,C,146.55,150.2,148.375,61.7924,0.985014,0.0004,-0.047445,0.058,67,357.75,6,7,21.83
V,2026-07-13,2026-09-18,220.0,C,111.45,114.65,113.05,0.001,1.0,0.0,-0.022317,0.0,67,357.75,2,4,21.83
V,2026-07-13,2026-09-18,230.0,C,126.75,130.45,128.6,55.2006,0.978051,0.000619,-0.055528,0.080291,67,357.75,1,12,21.83
V,2026-07-13,2026-09-18,245.0,C,77.35,79.7,78.525,0.001,1.0,0.0,-0.024853,0.0,67,357.75,1,2,21.83
V,2026-07-13,2026-09-18,250.0,C,107.1,110.75,108.925,60.3581,0.938413,0.001314,-0.106769,0.18635,67,357.75,5,19,21.83
V,2026-07-13,2026-09-18,260.0,C,97.2,100.9,99.05,55.7622,0.931093,0.001552,-0.108173,0.20332,67,357.75,145,179,21.83
V,2026-07-13,2026-09-18,265.0,C,92.25,96.05,94.15,53.8091,0.926009,0.001699,-0.110101,0.214736,67,357.75,32,73,21.83
V,2026-07-13,2026-09-18,270.0,C,87.95,90.65,89.3,49.4634,0.928698,0.001796,-0.101567,0.208735,67,357.75,1,64,21.83
V,2026-07-13,2026-09-18,275.0,C,83.1,85.8,84.45,47.5957,0.923001,0.00198,-0.103426,0.221357,67,357.75,1,53,21.83
V,2026-07-13,2026-09-18,280.0,C,78.2,81.25,79.725,46.8633,0.91228,0.002218,-0.110276,0.244194,67,357.75,1,105,21.83
V,2026-07-13,2026-09-18,285.0,C,73.4,76.1,74.75,43.7506,0.910379,0.002414,-0.10634,0.248125,67,357.75,1,25,21.83
V,2026-07-13,2026-09-18,290.0,C,68.55,71.3,69.925,41.9561,0.9025,0.002679,-0.108207,0.264056,67,357.75,1,93,21.83
V,2026-07-13,2026-09-18,295.0,C,63.8,66.55,65.175,40.2777,0.893164,0.002983,-0.110503,0.282221,67,357.75,2,57,21.83
V,2026-07-13,2026-09-18,300.0,C,59.1,61.85,60.475,38.6847,0.882262,0.003329,-0.113089,0.302518,67,357.75,2,400,21.83
V,2026-07-13,2026-09-18,305.0,C,54.45,57.0,55.725,36.5607,0.872941,0.003716,-0.112982,0.319136,67,357.75,1,158,21.83
V,2026-07-13,2026-09-18,310.0,C,49.9,52.25,51.075,34.6778,0.860949,0.004168,-0.113834,0.339579,67,357.75,7,211,21.83
V,2026-07-13,2026-09-18,315.0,C,45.5,48.15,46.825,34.3818,0.837452,0.004665,-0.122198,0.376799,67,357.75,3,346,21.83
V,2026-07-13,2026-09-18,320.0,C,41.25,43.25,42.25,31.9007,0.824927,0.005273,-0.119647,0.39521,67,357.75,5,510,21.83
V,2026-07-13,2026-09-18,325.0,C,37.05,39.3,38.175,31.4979,0.796625,0.005857,-0.126818,0.433433,67,357.75,3,756,21.83
V,2026-07-13,2026-09-18,330.0,C,33.1,35.3,34.2,30.6831,0.767911,0.006489,-0.13141,0.467771,67,357.75,5,935,21.83
V,2026-07-13,2026-09-18,335.0,C,29.35,31.65,30.5,30.268,0.733775,0.007077,-0.1371,0.503218,67,357.75,12,697,21.83
V,2026-07-13,2026-09-18,340.0,C,25.85,27.8,26.825,29.1694,0.700014,0.007777,-0.138604,0.532914,67,357.75,11,1399,21.83
V,2026-07-13,2026-09-18,345.0,C,22.65,24.4,23.525,28.5774,0.660382,0.008362,-0.141226,0.561372,67,357.75,70,1695,21.83
V,2026-07-13,2026-09-18,350.0,C,19.65,21.35,20.5,28.2356,0.617186,0.008818,-0.143495,0.584904,67,357.75,76,2156,21.83
V,2026-07-13,2026-09-18,355.0,C,16.95,18.3,17.625,27.5337,0.572368,0.009297,-0.142501,0.601389,67,357.75,54,1062,21.83
V,2026-07-13,2026-09-18,360.0,C,14.45,15.75,15.1,27.2804,0.525255,0.009522,-0.141718,0.610252,67,357.75,76,4701,21.83
V,2026-07-13,2026-09-18,365.0,C,12.15,13.35,12.75,26.8898,0.477215,0.009664,-0.138485,0.61048,67,357.75,15,816,21.83
V,2026-07-13,2026-09-18,370.0,C,10.2,11.3,10.75,26.6914,0.429598,0.009599,-0.134358,0.601931,67,357.75,130,1504,21.83
V,2026-07-13,2026-09-18,375.0,C,8.5,9.5,9.0,26.5327,0.383149,0.009386,-0.1288,0.585057,67,357.75,1020,1410,21.83
V,2026-07-13,2026-09-18,380.0,C,6.9,7.9,7.4,26.3466,0.338171,0.009055,-0.121678,0.560451,67,357.75,32,1477,21.83
V,2026-07-13,2026-09-18,385.0,C,5.5,6.55,6.025,26.2459,0.296067,0.008591,-0.113848,0.52973,67,357.75,11,1234,21.83
V,2026-07-13,2026-09-18,390.0,C,4.6,5.5,5.05,26.3862,0.258999,0.008004,-0.106557,0.496181,67,357.75,20,228,21.83
V,2026-07-13,2026-09-18,395.0,C,3.65,4.5,4.075,26.2947,0.222983,0.007403,-0.097391,0.457345,67,357.75,5,243,21.83
V,2026-07-13,2026-09-18,400.0,C,2.9,3.6,3.25,26.075,0.188856,0.006765,-0.087134,0.414391,67,357.75,83,6450,21.83
V,2026-07-13,2026-09-18,405.0,C,2.39,3.0,2.695,26.2855,0.162444,0.006099,-0.079482,0.376642,67,357.75,6,197,21.83
V,2026-07-13,2026-09-18,410.0,C,1.67,2.41,2.04,26.2275,0.136522,0.005443,-0.070356,0.335352,67,357.75,8,599,21.83
V,2026-07-13,2026-09-18,415.0,C,1.35,2.05,1.7,26.6243,0.118142,0.004848,-0.06434,0.303253,67,357.75,1,91,21.83
V,2026-07-13,2026-09-18,420.0,C,1.07,1.68,1.375,26.7585,0.099874,0.004275,-0.057127,0.268747,67,357.75,4,70,21.83
V,2026-07-13,2026-09-18,425.0,C,0.77,1.38,1.075,26.9172,0.08431,0.003749,-0.050544,0.237055,67,357.75,4,42,21.83
V,2026-07-13,2026-09-18,430.0,C,0.53,1.14,0.835,27.1248,0.071341,0.003277,-0.044749,0.208822,67,357.75,2,103,21.83
V,2026-07-13,2026-09-18,440.0,C,0.33,0.82,0.575,27.8083,0.052626,0.00252,-0.036,0.164651,67,357.75,13,26,21.83
V,2026-07-13,2026-09-18,445.0,C,0.27,0.69,0.48,28.0891,0.044904,0.002198,-0.031965,0.145034,67,357.75,1,62,21.83
V,2026-07-13,2026-09-18,450.0,C,0.19,0.56,0.375,28.199,0.03739,0.001887,-0.027611,0.125016,67,357.75,1,67,21.83
V,2026-07-13,2026-09-18,455.0,C,0.14,0.54,0.34,29.1023,0.035046,0.001734,-0.026969,0.118562,67,357.75,36,0,21.83
V,2026-07-13,2026-09-18,460.0,C,0.07,0.43,0.25,29.1023,0.028784,0.001474,-0.022888,0.100769,67,357.75,4,23,21.83
V,2026-07-13,2026-09-18,470.0,C,0.17,1.24,0.705,37.4274,0.057169,0.001999,-0.051053,0.175786,67,357.75,3,11,21.83
V,2026-07-13,2026-09-18,480.0,C,0.0,0.79,0.395,36.5241,0.039501,0.001524,-0.036993,0.130742,67,357.75,1,1,21.83
V,2026-07-13,2026-09-18,485.0,C,0.01,1.26,0.635,40.8697,0.053558,0.001739,-0.052744,0.16696,67,357.75,0,0,21.83
V,2026-07-13,2026-09-18,490.0,C,0.0,0.41,0.205,34.7663,0.023215,0.001031,-0.022643,0.084177,67,357.75,2,18,21.83
V,2026-07-13,2026-09-18,500.0,C,0.0,0.35,0.175,35.7917,0.019612,0.000868,-0.020174,0.07299,67,357.75,94,58,21.83
V,2026-07-13,2026-09-18,510.0,C,0.0,2.32,1.16,51.9658,0.073457,0.001749,-0.085255,0.21355,67,357.75,1,0,21.83
V,2026-07-13,2026-09-18,515.0,C,0.0,2.3,1.15,52.9424,0.071784,0.001687,-0.085277,0.209816,67,357.75,1,0,21.83
V,2026-07-13,2026-09-18,525.0,C,0.0,1.07,0.535,47.6079,0.040498,0.001193,-0.048767,0.133416,67,357.75,0,0,21.83
V,2026-07-13,2026-09-18,530.0,C,0.0,0.85,0.425,46.7168,0.033667,0.001045,-0.041134,0.114717,67,357.75,1,0,21.83
V,2026-07-13,2026-09-18,540.0,C,0.01,0.82,0.415,48.2183,0.031683,0.000963,-0.040333,0.109111,67,357.75,1,0,21.83
V,2026-07-13,2026-09-18,545.0,C,0.0,0.05,0.025,34.7663,0.003409,0.000193,-0.0042,0.015731,67,357.75,1,8,21.83
V,2026-07-13,2026-09-18,170.0,P,0.01,0.2,0.105,66.5042,-0.002737,8.3e-05,-0.006297,0.012909,67,357.75,6,129,21.83
V,2026-07-13,2026-09-18,175.0,P,0.01,0.13,0.07,61.3285,-0.001996,6.7e-05,-0.004361,0.009701,67,357.75,61,9,21.83
V,2026-07-13,2026-09-18,180.0,P,0.0,2.12,1.06,84.5705,-0.018052,0.000342,-0.04217,0.068019,67,357.75,2,16,21.83
V,2026-07-13,2026-09-18,190.0,P,0.01,0.36,0.185,61.0355,-0.004986,0.000154,-0.009871,0.022106,67,357.75,176,1067,21.83
V,2026-07-13,2026-09-18,195.0,P,0.0,0.31,0.155,57.52,-0.004482,0.000149,-0.008453,0.020105,67,357.75,1,83,21.83
V,2026-07-13,2026-09-18,200.0,P,0.0,0.22,0.11,53.1255,-0.00348,0.000128,-0.006217,0.016027,67,357.75,4,36,21.83
V,2026-07-13,2026-09-18,210.0,P,0.0,0.27,0.135,50.1958,-0.004442,0.000169,-0.007297,0.019944,67,357.75,1,67,21.83
V,2026-07-13,2026-09-18,220.0,P,0.0,0.26,0.13,50.1958,-0.008194,0.000291,-0.012531,0.034313,67,357.75,1,337,21.83
V,2026-07-13,2026-09-18,230.0,P,0.0,0.42,0.21,49.3169,-0.012915,0.00044,-0.018268,0.05102,67,357.75,1,496,21.83
V,2026-07-13,2026-09-18,235.0,P,0.0,0.31,0.155,45.1177,-0.010553,0.000404,-0.014002,0.042813,67,357.75,12,223,21.83
V,2026-07-13,2026-09-18,240.0,P,0.11,0.39,0.25,44.5806,-0.013164,0.000495,-0.016741,0.051868,67,357.75,4,419,21.83
V,2026-07-13,2026-09-18,245.0,P,0.0,0.36,0.18,42.0416,-0.01288,0.000515,-0.015467,0.050899,67,357.75,8,327,21.83
V,2026-07-13,2026-09-18,250.0,P,0.0,0.33,0.165,39.5514,-0.012546,0.000535,-0.014199,0.049756,67,357.75,2,931,21.83
V,2026-07-13,2026-09-18,255.0,P,0.0,0.44,0.22,39.3317,-0.01642,0.000679,-0.017774,0.062729,67,357.75,5,842,21.83
V,2026-07-13,2026-09-18,260.0,P,0.23,0.48,0.355,37.8912,-0.018342,0.000775,-0.018785,0.06895,67,357.75,1,1672,21.83
V,2026-07-13,2026-09-18,265.0,P,0.11,0.57,0.34,36.9757,-0.021859,0.000921,-0.02123,0.080013,67,357.75,1,709,21.83
V,2026-07-13,2026-09-18,270.0,P,0.28,0.57,0.425,35.0104,-0.022928,0.001013,-0.020876,0.083299,67,357.75,12,1130,21.83
V,2026-07-13,2026-09-18,275.0,P,0.37,0.63,0.5,33.6432,-0.025913,0.001168,-0.022175,0.092312,67,357.75,76,1142,21.83
V,2026-07-13,2026-09-18,280.0,P,0.37,0.89,0.63,33.8386,-0.035155,0.001495,-0.028654,0.118866,67,357.75,36,2260,21.83
V,2026-07-13,2026-09-18,285.0,P,0.58,0.89,0.735,31.8122,-0.037019,0.001659,-0.028009,0.124003,67,357.75,14,1716,21.83
V,2026-07-13,2026-09-18,290.0,P,0.67,1.08,0.875,31.031,-0.044835,0.001987,-0.031812,0.144854,67,357.75,9,1189,21.83
V,2026-07-13,2026-09-18,295.0,P,1.0,1.3,1.15,30.2131,-0.053975,0.002367,-0.03579,0.167987,67,357.75,22,505,21.83
V,2026-07-13,2026-09-18,300.0,P,1.21,1.7,1.455,30.0178,-0.068585,0.002873,-0.042727,0.202587,67,357.75,86,3469,21.83
V,2026-07-13,2026-09-18,305.0,P,1.49,1.96,1.725,28.907,-0.079978,0.003355,-0.046051,0.227821,67,357.75,819,1482,21.83
V,2026-07-13,2026-09-18,310.0,P,1.78,2.34,2.06,28.0586,-0.095309,0.003939,-0.050687,0.259683,67,357.75,39,1119,21.83
V,2026-07-13,2026-09-18,315.0,P,2.29,3.05,2.67,28.0036,-0.119453,0.004646,-0.059234,0.305625,67,357.75,29,2793,21.83
V,2026-07-13,2026-09-18,320.0,P,2.97,3.6,3.285,27.1125,-0.140745,0.005375,-0.063812,0.342385,67,357.75,7,4220,21.83
V,2026-07-13,2026-09-18,325.0,P,3.75,4.7,4.225,27.3018,-0.174179,0.006142,-0.073473,0.393927,67,357.75,11,1498,21.83
V,2026-07-13,2026-09-18,330.0,P,4.65,5.6,5.125,26.6029,-0.204564,0.006959,-0.078368,0.434942,67,357.75,24,1595,21.83
V,2026-07-13,2026-09-18,335.0,P,5.75,6.75,6.25,26.0963,-0.240479,0.00778,-0.083497,0.477008,67,357.75,10,621,21.83
V,2026-07-13,2026-09-18,340.0,P,7.1,8.25,7.675,25.8888,-0.282324,0.008517,-0.089012,0.518023,67,357.75,36,2782,21.83
V,2026-07-13,2026-09-18,345.0,P,8.8,10.05,9.425,25.8095,-0.32803,0.009133,-0.093746,0.553746,67,357.75,29,751,21.83
V,2026-07-13,2026-09-18,350.0,P,10.75,11.85,11.3,25.3181,-0.374777,0.00977,-0.095005,0.581102,67,357.75,241,958,21.83
V,2026-07-13,2026-09-18,355.0,P,12.8,14.1,13.45,25.1716,-0.425074,0.010157,-0.095991,0.600662,67,357.75,81,632,21.83
V,2026-07-13,2026-09-18,360.0,P,15.2,16.7,15.95,25.1808,-0.476373,0.010318,-0.095738,0.610405,67,357.75,27,270,21.83
V,2026-07-13,2026-09-18,365.0,P,17.9,19.2,18.55,24.6101,-0.528961,0.010548,-0.090877,0.609866,67,357.75,3,31,21.83
V,2026-07-13,2026-09-18,370.0,P,20.95,22.4,21.675,24.778,-0.579108,0.010297,-0.087564,0.599416,67,357.75,5,54,21.83
V,2026-07-13,2026-09-18,375.0,P,23.95,26.05,25.0,25.3303,-0.624228,0.009773,-0.084656,0.581587,67,357.75,4,20,21.83
V,2026-07-13,2026-09-18,380.0,P,27.3,29.2,28.25,24.6162,-0.675258,0.009536,-0.073853,0.551479,67,357.75,2,21,21.83
V,2026-07-13,2026-09-18,390.0,P,34.65,37.3,35.975,25.4555,-0.749886,0.008147,-0.061563,0.487189,67,357.75,2,1,21.83
V,2026-07-13,2026-09-18,395.0,P,38.7,41.6,40.15,25.9712,-0.780252,0.007433,-0.055377,0.453539,67,357.75,2,0,21.83
V,2026-07-13,2026-09-18,400.0,P,68.75,72.15,70.45,71.3168,-0.575412,0.003584,-0.29161,0.60052,67,357.75,0,1,21.83
V,2026-07-13,2026-09-18,405.0,P,69.05,70.45,69.75,64.191,-0.613585,0.003889,-0.251653,0.586523,67,357.75,0,1,21.83
V,2026-07-13,2026-09-18,410.0,P,79.2,81.45,80.325,75.9707,-0.592917,0.003333,-0.307598,0.594817,67,357.75,7,8,21.83
V,2026-07-13,2026-09-18,415.0,P,56.6,59.25,57.925,26.4778,-0.883272,0.004834,-0.021354,0.300677,67,357.75,0,1,21.83
V,2026-07-13,2026-09-18,420.0,P,81.9,84.3,83.1,68.1094,-0.648172,0.003555,-0.257187,0.568801,67,357.75,3,1,21.83
V,2026-07-13,2026-09-18,425.0,P,66.5,69.05,67.775,28.7055,-0.900336,0.003979,-0.017811,0.268335,67,357.75,0,0,21.83
V,2026-07-13,2026-09-18,430.0,P,71.2,74.1,72.65,30.323,-0.902906,0.003695,-0.019293,0.263249,67,357.75,1,0,21.83
V,2026-07-13,2026-09-18,510.0,P,149.85,153.75,151.8,47.6568,-0.945308,0.001516,-0.010474,0.169749,67,357.75,2,0,21.83
